life_expectancy,state,median_income,unemployment,income_inequality,gender_pay_gap,disconnected_youth,adult_smoking,physical_inactivity,adult_obesity,diabetes_prevalence,food_insecurity,insufficient_sleep,pm25,primary_care_physicians,homeownership,severe_housing_cost_burden
77.099412282,US,77719,0.036390896,4.8887130802,0.8139163012,0.0681812388,0.132,0.232,0.335,0.1,0.135,0.368,7.3,7.494266e-4,0.6502210081,0.147123724
73.279289325,AL,62248,0.0249824318,5.1673051842,0.7478229933,0.0757188347,0.162,0.278,0.384,0.135,0.174,0.414,8.6,6.365235e-4,0.6993339614,0.1232858113
76.580109234,AL,74248,0.0227949698,4.3595257111,0.7219864574,0.0805445762,0.147,0.238,0.368,0.102,0.149,0.364,7.8,6.26844e-4,0.7753534372,0.1155147835
72.936172299,AL,64962,0.0214429478,4.6197221786,0.8129917054,0.0548302872,0.195,0.297,0.373,0.116,0.174,0.376,8.8,2.032486e-4,0.7950584702,0.0936733221
70.813154873,AL,51841,0.0281949934,4.8695115258,0.7995795911,0.0732828556,0.18,0.285,0.383,0.127,0.182,0.428,8.9,5.863484e-4,0.703867036,0.1096265368
72.70685113,AL,59165,0.0219287439,4.012359927,0.7037769186,0.177635099,0.155,0.277,0.363,0.116,0.175,0.341,8.9,2.208773e-4,0.768314914,0.1025839947
70.418927021,AL,49128,0.0266233766,5.7584695098,0.7761343547,0.1988217968,0.2,0.305,0.403,0.129,0.164,0.404,8.5,2.293052e-4,0.7420689655,0.1160599572
72.853788329,AL,61231,0.02041586,4.5749921556,0.6815436841,0.1109595271,0.186,0.305,0.397,0.116,0.174,0.374,8.7,4.804684e-4,0.7635700431,0.0913160521
73.008730369,AL,54697,0.0253325785,4.8111002468,0.7160784896,0.1012323944,0.185,0.293,0.443,0.135,0.19,0.397,9,2.837339e-4,0.6134351763,0.1042850316
67.706493274,AL,39013,0.0542217626,5.5928829504,0.7197334242,0.1790123457,0.197,0.345,0.505,0.175,0.191,0.476,8.7,7.177224e-4,0.6101453036,0.1782864343
72.357615551,AL,50614,0.0227067475,4.7927204539,0.7869633986,0.1138494508,0.225,0.341,0.389,0.138,0.194,0.411,7.2,4.038266e-4,0.7675942342,0.0810355455
74.60542113,AL,73125,0.0212986475,4.0420000595,0.7828946245,0.1327683616,0.158,0.256,0.364,0.114,0.141,0.422,9.4,2.239541e-4,0.768637216,0.0925560994
70.098328137,AL,50333,0.0311634349,5.3975738018,0.8087372507,0.2833723653,0.217,0.327,0.435,0.15,0.193,0.461,8.9,2.997357e-4,0.686878961,0.1196551724
70.243289319,AL,52504,0.0279482627,4.8791989664,0.7740959714,0.0607104413,0.188,0.299,0.413,0.126,0.175,0.462,7.9,7.367054e-4,0.7375127681,0.1212646283
70.579638414,AL,50006,0.0244293866,4.3964702736,0.790091715,0.1133272892,0.18,0.302,0.382,0.125,0.206,0.412,8.9,2.996142e-4,0.7827488152,0.0933306629
73.542174929,AL,59412,0.0258287321,5.1652568239,0.7299782284,0.0718276137,0.188,0.295,0.375,0.13,0.174,0.404,9.3,8.189246e-4,0.63915831,0.1309954973
70.899564188,AL,51479,0.0248275275,4.6348426085,0.7367008866,0.0839630563,0.207,0.311,0.386,0.124,0.2,0.421,7.9,5.116253e-4,0.7504012083,0.095359028
72.43208331,AL,64726,0.0245276408,5.4671421294,0.7959392015,0.0775953538,0.15,0.265,0.397,0.129,0.152,0.384,10.2,0.0011110778,0.6371736374,0.1595986405
76.061757922,AL,81811,0.0206563552,4.4251247691,0.7192646873,0.0908229048,0.155,0.244,0.358,0.112,0.148,0.398,7.8,3.441316e-4,0.7749681417,0.0769825719
76.475175248,AL,86172,0.0204677795,4.9246695904,0.6743383494,0.0372894371,0.138,0.217,0.357,0.11,0.139,0.384,7.1,8.552394e-4,0.6877681281,0.1062513416
72.404085747,AL,48829,0.0292030164,4.9441931385,0.7099327738,0.1319587629,0.188,0.298,0.395,0.124,0.2,0.386,7.8,2.39349e-4,0.7522530807,0.0713671539
71.900213003,AL,59882,0.0205583207,4.7301922082,0.7524466232,0.0726893149,0.171,0.279,0.386,0.114,0.176,0.403,8.7,5.497414e-4,0.7547757417,0.0898107715
72.618914026,AL,55538,0.0310043278,5.0727057531,0.7096208224,0.0918436293,0.191,0.287,0.422,0.135,0.163,0.415,8,7.117386e-4,0.6487442915,0.1404791332
72.724550576,AL,60063,0.0281265324,5.1317574962,0.820729018,0.0715784377,0.181,0.296,0.446,0.157,0.16,0.438,7.9,9.673136e-4,0.577044666,0.1742167873
72.755057494,AL,70387,0.019869691,4.8227272727,0.6828594666,0.0891105851,0.175,0.296,0.387,0.129,0.164,0.396,8.1,5.094285e-4,0.7250574335,0.0998161057
71.64235794,AL,50675,0.027288514,6.018294368,0.9478730521,0.0669228306,0.164,0.297,0.406,0.137,0.17,0.401,8.6,4.243582e-4,0.6287187624,0.16718107
71.017446865,AL,52312,0.0275583864,4.88064076,0.7038374114,0.0986354776,0.203,0.33,0.469,0.158,0.188,0.433,8.7,1.702939e-4,0.6055331315,0.1693269777
72.792927371,AL,78349,0.0213632938,3.8269602609,0.7463239818,0.1129625622,0.152,0.248,0.33,0.106,0.152,0.358,9.4,1.832924e-4,0.8247237289,0.070499803
79.404063548,AL,90280,0.0184491585,3.9271514099,0.7584473158,0.0332788226,0.112,0.208,0.321,0.095,0.125,0.351,10,7.712581e-4,0.8125951249,0.1002763427
70.451040172,AL,59491,0.0277452555,5.4513799585,0.769624927,0.0763595379,0.185,0.314,0.426,0.141,0.181,0.447,9.1,2.575929e-4,0.7256225486,0.1265449485
74.51571098,AL,61117,0.023399467,5.3326788563,0.7871083719,0.0417033343,0.176,0.28,0.414,0.128,0.152,0.419,7.5,6.299365e-4,0.6215788931,0.1474511587
67.799489094,AL,57950,0.0264438992,5.3806643625,0.7387666128,0.0931876607,0.218,0.34,0.429,0.128,0.195,0.436,9,4.628344e-4,0.7749869178,0.1061256005
76.315233199,AK,88696,0.0422549805,4.2138486793,0.8532531825,0.1134584421,0.162,0.213,0.323,0.083,0.128,0.376,5.3,9.676895e-4,0.6658914005,0.1235849932
76.34256887,AK,93881,0.0342719612,4.0473686526,0.8746555699,0.1047752189,0.136,0.199,0.296,0.079,0.112,0.347,5.8,0.0011627059,0.6373623317,0.1320469307
77.684520715,AK,86780,0.0380447922,3.8908895333,0.8523397591,0.1217015469,0.139,0.203,0.321,0.076,0.111,0.368,11.9,8.578034e-4,0.6169283503,0.1266537959
79.790675956,AK,99748,0.0299353214,3.9086982942,0.9736170587,0.0896279594,0.148,0.203,0.328,0.077,0.104,0.328,4.8,0.001282332,0.6440858578,0.1284119107
76.2208921,AK,94376,0.0482599075,4.253557966,0.7804806093,0.0947971039,0.195,0.26,0.314,0.086,0.123,0.342,4.7,4.878666e-4,0.7663676226,0.1218800816
76.733171829,AZ,77158,0.0391400858,4.400719232,0.8460867562,0.0814253951,0.131,0.226,0.335,0.113,0.131,0.361,6,6.644846e-4,0.6697789251,0.1380867903
63.845346311,AZ,43121,0.0788163868,8.0695606695,0.8216119097,0.1808662542,0.271,0.316,0.391,0.179,0.215,0.427,3.3,4.114411e-4,0.7913302999,0.064972858
76.089432366,AZ,53011,0.045336291200000003,5.0482321855,0.80918462,0.0635733157,0.153,0.24,0.329,0.108,0.148,0.352,6.5,5.791353e-4,0.7050083208,0.1143825286
75.864470435,AZ,71528,0.0419991488,5.1058045026,0.8902328342,0.0390966309,0.138,0.18,0.27,0.104,0.144,0.329,5.3,8.203954e-4,0.5884381641,0.162604944
69.593726569,AZ,55804,0.0430466783,4.0172336783,0.7008302933,0.1195652174,0.185,0.245,0.344,0.117,0.168,0.368,6,4.478531e-4,0.7716853739,0.1394292837
73.543255415,AZ,66469,0.0368326335,4.7326333409,0.6999132263,0.1221091582,0.157,0.256,0.404,0.125,0.146,0.376,5.4,4.097311e-4,0.7353932584,0.1039843684
77.470431797,AZ,86973,0.0342015741,4.1575128205,0.845118692,0.0741269961,0.118,0.22,0.327,0.104,0.12,0.349,12.6,6.991968e-4,0.6501300268,0.1415317484
72.784224521,AZ,56302,0.0450922493,4.4104706894,0.8675865598,0.1600101755,0.176,0.273,0.366,0.108,0.164,0.417,6.1,5.328629e-4,0.7363027482,0.1376610527
67.131288084,AZ,51011,0.0566569412,5.2009290374,0.8335481313,0.1804402743,0.224,0.259,0.385,0.133,0.19,0.378,5.3,6.287738e-4,0.7274259018,0.0875158743
76.485898854,AZ,69553,0.0382614254,4.6958224087,0.8450817102,0.0731301642,0.14,0.246,0.328,0.103,0.14,0.388,6.2,8.706976e-4,0.6480897521,0.147150269
78.111967714,AZ,77290,0.0411207724,3.7087754439,0.794408911,0.1145256821,0.151,0.252,0.389,0.118,0.123,0.411,16.1,1.77953e-4,0.8052394191,0.1052132327
76.388259727,AZ,67317,0.0361016452,4.3416700834,0.8677382154,0.0775862069,0.152,0.218,0.277,0.091,0.136,0.342,5.7,5.531407e-4,0.7351147842,0.148125664
77.788101404,AZ,61225,0.1320121302,4.259008922,0.854016419,0.1194247068,0.144,0.306,0.423,0.139,0.188,0.359,9.1,4.251413e-4,0.7002327608,0.123307537
73.68056117,AR,58748,0.0325079265,4.8073364448,0.8008585293,0.0958673875,0.199,0.302,0.379,0.14,0.186,0.399,8.3,6.76495e-4,0.6614198258,0.1138209588
74.173299685,AR,48804,0.0358205403,3.9424048215,0.8659924147,0.1288135593,0.21,0.291,0.413,0.116,0.197,0.374,7.6,8.542141e-4,0.7495982166,0.0996632631
78.171667307,AR,92632,0.0244269193,3.9734624905000002,0.8019863343,0.0727028582,0.138,0.231,0.342,0.11,0.14,0.34,9.3,5.958623e-4,0.6720350711,0.072973205
74.431998348,AR,60204,0.0274602732,5.114689313,0.8769635036,0.067277369,0.198,0.33,0.375,0.123,0.187,0.413,8.5,0.0012297492,0.5920151302,0.133341422
73.195992697,AR,63905,0.0336426039,4.0065654343,0.6949351342,0.1018786127,0.189,0.3,0.395,0.125,0.193,0.379,8.7,3.478088e-4,0.7424110638,0.0852376906
69.161773093,AR,52153,0.0421455939,5.2932675709,0.826411015,0.149324861,0.226,0.357,0.415,0.158,0.17,0.43,7.5,2.735402e-4,0.566146799,0.1514261508
75.673682657,AR,68543,0.0288225611,4.2268840378,0.8491868557,0.0781434378,0.161,0.255,0.378,0.119,0.166,0.38,9.1,5.914984e-4,0.6158474195,0.1330704677
72.086639937,AR,53849,0.0369016117,4.7811629449,0.8797830417,0.1240261108,0.171,0.28,0.378,0.115,0.196,0.38,8.1,8.2727e-4,0.6923129656,0.1369166429
73.523634066,AR,55444,0.033108211,4.3239213726,0.8129544219,0.0829641563,0.225,0.331,0.376,0.126,0.199,0.415,8.3,4.965779e-4,0.6514559857,0.1135432518
70.288029776,AR,49581,0.0461265523,5.2166954085,0.8481785278,0.1514386673,0.242,0.354,0.445,0.153,0.17,0.467,8.7,7.288076e-4,0.632119668,0.1324009933
74.120651825,AR,74687,0.0273764477,4.042733182,0.8291407353,0.069591528,0.18,0.261,0.38,0.118,0.162,0.386,9,1.472123e-4,0.7442211597,0.085271028
71.387827371,AR,50421,0.0363870552,5.4960430686,0.7806281241,0.1724829523,0.239,0.35,0.437,0.139,0.192,0.418,9.3,6.79969e-4,0.6533627613,0.1454156122
68.664015957,AR,51635,0.0332761924,4.9066213922,0.7221852099,0.1426071741,0.269,0.367,0.408,0.14,0.216,0.42,8.5,8.82613e-5,0.6366958255,0.089245125
72.172341924,AR,47766,0.036286157,4.6522869747,0.7196531792,0.192887931,0.218,0.322,0.37,0.125,0.197,0.393,7.2,7.750736e-4,0.8215372907,0.1085012678
75.143608763,AR,59016,0.0386260077,4.4960265975,0.6750413831,0.0541482686,0.192,0.285,0.361,0.127,0.192,0.377,8.3,6.42744e-4,0.7123333195,0.099328628
73.800449453,AR,61344,0.0319375444,4.9778144914,0.8544354197,0.1353109137,0.167,0.267,0.384,0.127,0.163,0.392,9.6,0.0011789222,0.5774875629,0.1477461253
75.546619276,AR,77844,0.0272414187,4.0522177063000004,0.7587864695,0.1277059909,0.15,0.25,0.372,0.106,0.149,0.372,8.9,3.912707e-4,0.7643832302,0.0914123373
73.458914584,AR,58112,0.0339832769,4.3285154616,0.7874038406,0.1195024434,0.191,0.333,0.359,0.132,0.196,0.385,9,0.0013084112,0.6121537603,0.1235870084
76.840833306,AR,66158,0.022912204,4.5288659088,0.870792433,0.0617077512,0.172,0.284,0.335,0.119,0.166,0.353,6.9,7.998176e-4,0.5556160768,0.1217157827
72.758194102,AR,56178,0.0346930318,4.488654644,0.7370284865,0.0536003236,0.216,0.342,0.404,0.125,0.187,0.382,8.5,6.605619e-4,0.6823631024,0.0981089616
79.365139736,CA,95473,0.047645947,5.1347947639,0.8655598043,0.06530837,0.099,0.216,0.283,0.106,0.126,0.352,12.6,8.10952e-4,0.5578635172,0.2002429441
75.71472799,CA,63084,0.0524643673,5.3638683529,0.8361629064,0.0743855638,0.142,0.225,0.315,0.098,0.146,0.337,16.1,5.856684e-4,0.58275548,0.1969310109
81.18311538,CA,122000,0.041348686,4.6891812029,0.829083302,0.0516515814,0.105,0.186,0.284,0.096,0.092,0.358,11.1,0.0010142817,0.6765477503,0.174264941
80.602033471,CA,107063,0.0395751041,4.7706186737,0.7992659999,0.0670114943,0.106,0.152,0.248,0.078,0.099,0.338,14.6,7.556115e-4,0.7638505527,0.1646794725
75.915782071,CA,71271,0.0746247614,5.1282005372,0.8827302603,0.0822539178,0.142,0.261,0.39,0.13,0.162,0.362,20.3,6.758217e-4,0.5541697836,0.1933726707
75.367113289,CA,64197,0.0627736085,3.9278257469,0.9073927711,0.1104651163,0.156,0.265,0.341,0.112,0.141,0.373,17,1.73581e-4,0.6306463177,0.1675110488
75.799242703,CA,61307,0.0460073065,5.1819366398,0.8964979289,0.1144114411,0.173,0.217,0.331,0.096,0.158,0.364,8.8,6.089062e-4,0.5626845002,0.2093858699
76.234887759,CA,58768,0.1726880782,5.4730735852,0.8000439826,0.0640463075,0.14,0.323,0.385,0.151,0.21,0.415,11.9,2.502071e-4,0.5677667677,0.1850200718
74.220994058,CA,68436,0.0832156572,4.8703088915,0.7711058058,0.1136181088,0.166,0.308,0.359,0.13,0.159,0.387,21.1,4.783839e-4,0.598121642,0.1846355737
76.571550806,CA,65768,0.082102624,4.0896263137,0.914295306,0.1170908242,0.163,0.298,0.319,0.13,0.151,0.361,20,3.714734e-4,0.5481982806,0.1661902625
74.127437899,CA,57945,0.0578624678,5.3694309752,0.8710637851,0.1398678414,0.141,0.223,0.307,0.097,0.154,0.354,9.6,4.2172e-4,0.7093384919,0.1736446379
79.411059251,CA,86499,0.0502513244,5.3428062361,0.9279732804,0.068414153,0.106,0.226,0.262,0.114,0.132,0.357,15.6,7.539516e-4,0.4607934981,0.2411145172
76.539521154,CA,66084,0.074790518,4.6663753197,0.796336781,0.0762051282,0.152,0.286,0.352,0.127,0.158,0.376,17.1,4.704849e-4,0.6552692472,0.1833094067
76.811276899,CA,65891,0.0469807636,5.0800759734,0.9728029406,0.1129191321,0.145,0.216,0.294,0.098,0.151,0.355,12.4,7.776135e-4,0.6087358982,0.1820306572
76.154611006,CA,58962,0.0900346416,4.6268842383,0.8500786988,0.1005025126,0.18,0.311,0.345,0.136,0.166,0.389,15.3,4.189052e-4,0.5330299628,0.1915537135
80.84712662,CA,86809,0.0701490823,4.2510855745,0.8829244307,0.0726726264,0.139,0.255,0.328,0.111,0.13,0.344,8.8,6.47116e-4,0.5227950866,0.1900095584
81.216513295,CA,100469,0.0353465883,4.5617484458,1.0163436877,0.0191091559,0.129,0.228,0.287,0.096,0.1,0.329,10.3,9.837967e-4,0.6440408352,0.1789441058
79.988561151,CA,87142,0.0391703182,5.342655419,0.8299117028,0.0799118214,0.158,0.213,0.299,0.089,0.111,0.339,12.4,7.247287e-4,0.7443937621,0.2145246999
81.281396133,CA,109768,0.0355333623,4.7070357555,0.8280247622,0.0456036018,0.109,0.203,0.257,0.099,0.104,0.36,12.7,9.962722e-4,0.5644654,0.2029104901
81.226077435,CA,110020,0.0372588191,4.5451014783,0.7599482731,0.0601169357,0.115,0.165,0.258,0.086,0.089,0.33,13.1,0.0012199854,0.7427905959,0.1573774367
77.78627907,CA,90251,0.0479967112,4.4249777032,0.8173669649,0.0843312556,0.115,0.239,0.34,0.105,0.111,0.385,14.8,4.620901e-4,0.68859694,0.1864579848
77.990352897,CA,89984,0.044495148,4.5264244537,0.8734684431,0.0703388755,0.13,0.227,0.339,0.106,0.118,0.383,14.9,8.905414e-4,0.5862891858,0.1776718881
75.406198707,CA,84576,0.0465183271,4.3906817151,0.8472358743,0.0804064502,0.126,0.269,0.351,0.124,0.122,0.378,17.4,5.886883e-4,0.6153870336,0.1953600699
80.300615456,CA,103476,0.0388460016,4.6329455364,0.8753682522,0.0499375407,0.102,0.183,0.254,0.094,0.109,0.345,20.6,8.438654e-4,0.5450784689,0.2084284372
76.406422979,CA,86211,0.0623594145,4.4763417891,0.8346329286,0.0912832669,0.125,0.24,0.338,0.116,0.127,0.384,15.1,5.852472e-4,0.6153215148,0.1710574523
80.680590912,CA,89809,0.0345819212,4.6538930408,0.8042330863,0.0191961299,0.112,0.174,0.282,0.084,0.107,0.325,10,8.299224e-4,0.6189610366,0.2026458265
80.606527682,CA,90155,0.0411412705,4.8112923463,0.9199660233,0.0581351807,0.095,0.205,0.316,0.1,0.118,0.322,9.3,7.660003e-4,0.5286922664,0.2095555448
81.766669433,CA,102723,0.0574025838,5.1913468248,0.8043628093,0.0276522488,0.115,0.206,0.294,0.09,0.116,0.337,11.1,0.0010231822,0.5997749631,0.200184365
74.273091544,CA,71935,0.0514014265,4.9199110895,0.8054422836,0.0898466034,0.137,0.192,0.287,0.093,0.139,0.381,9.8,7.796244e-4,0.6535474935,0.1696730064
78.813129927,CA,99117,0.0465077341,4.1029438002,0.8575404999,0.0695096145,0.132,0.218,0.328,0.11,0.1,0.381,12.4,8.390227e-4,0.6322849807,0.1830702975
80.59529104,CA,100157,0.0361828176,4.2787129581,0.8798422609,0.0629376601,0.105,0.174,0.283,0.083,0.105,0.34,8.3,0.0010166973,0.6219960315,0.1831093636
75.443443084,CA,81582,0.0643255514,4.2492099063,0.8411222471,0.0731850479,0.128,0.255,0.347,0.109,0.136,0.356,15.6,6.546124e-4,0.6100296389,0.1806752119
77.317583756,CA,71968,0.0778414926,4.3518113086,0.8425841361,0.0774976657,0.164,0.27,0.32,0.116,0.143,0.367,16.7,7.57094e-4,0.5918170878,0.1572368013
75.500490899,CA,71368,0.0999517119,4.2552237843,0.8701335987,0.0852513529,0.154,0.309,0.38,0.132,0.166,0.351,20.8,4.632599e-4,0.5861814034,0.1665498255
80.73711678,CA,106526,0.0427407969,4.381475431,0.8621833492,0.0617230741,0.107,0.21,0.289,0.101,0.105,0.341,7.9,8.133044e-4,0.6415796004,0.1903093406
79.914901908,CA,91192,0.0469326579,5.9051435989,0.8715579532,0.0523352103,0.128,0.245,0.285,0.107,0.123,0.313,15.9,0.0012351027,0.5355688935,0.2020822319
75.054453792,CA,71493,0.0666290232,4.7412987375,0.769008258,0.1138831139,0.156,0.25,0.326,0.109,0.145,0.356,16.3,2.037856e-4,0.6331824823,0.1659442493
78.467466504,CO,92790,0.0316887108,4.3972156398,0.8239554164,0.0629310489,0.109,0.167,0.25,0.075,0.115,0.306,5.65,8.286206e-4,0.6631539885,0.1480519104
76.868546414,CO,95278,0.0341549976,3.8908164474,0.852292445,0.0954022989,0.148,0.233,0.34,0.098,0.116,0.34,9.2,5.190179e-4,0.6887394304,0.156688101
79.092212115,CO,97560,0.0311153725,4.0718540581,0.8386609131,0.0699032727,0.126,0.176,0.257,0.079,0.103,0.329,5.9,8.291342e-4,0.6512387254,0.1557312982
82.281546404,CO,97170,0.0284688027,5.273905631,0.8049404608,0.0600196383,0.103,0.125,0.186,0.063,0.105,0.247,10.2,0.0011986296,0.6245729498,0.1915444674
81.869898342,CO,113162,0.0302586968,3.6869563779,0.7664390163,0.0658965608,0.089,0.127,0.246,0.065,0.093,0.307,9.6,0.0011682708,0.6258853207,0.1119923962
75.95357407,CO,57075,0.0362366777,4.7015858924,0.860442374,0.1269412559,0.178,0.205,0.29,0.085,0.151,0.346,5.8,6.31692e-4,0.7639943074,0.1482237648
77.40781497,CO,93572,0.0334923675,4.8141375617,0.8777446324,0.0795516576,0.143,0.212,0.238,0.079,0.125,0.292,10.5,0.0013043545,0.4912585185,0.1628543391
82.449989279,CO,144807,0.0288906321,3.3870398731,0.6938342188,0.0274185937,0.081,0.118,0.209,0.062,0.076,0.267,7,6.992059e-4,0.7776757511,0.1094019882
76.230887393,CO,88794,0.033379157,3.9442592056,0.8243059993,0.0614041923,0.134,0.185,0.281,0.081,0.115,0.35,6,6.315501e-4,0.6638180059,0.1435140907
78.858819098,CO,102146,0.0294811287,3.9311942244,0.7978753743,0.056478279,0.106,0.138,0.249,0.072,0.101,0.307,9.3,8.833968e-4,0.706100462,0.1272843359
80.538440655,CO,88519,0.0282988485,4.4146809654,0.785265316,0.0419253993,0.091,0.127,0.211,0.065,0.111,0.272,8.2,8.302692e-4,0.6432035152,0.1619099668
76.741987974,CO,66339,0.0347341058,4.3527994792,0.7972981803,0.0344988345,0.158,0.186,0.303,0.079,0.129,0.307,6.1,0.0011694791,0.7189237752,0.1417533149
72.464580236,CO,63801,0.0442745471,4.8785061645,0.829601653,0.1317444955,0.146,0.228,0.314,0.1,0.161,0.377,5.6,6.661872e-4,0.683157367,0.1619489206
78.764784736,CO,90675,0.0326938398,3.969499123,0.7718268107,0.052551128,0.125,0.193,0.312,0.085,0.112,0.335,9.9,5.764096e-4,0.7554970463,0.1377438594
79.174899386,CT,91477,0.0375612918,5.128415079,0.826159768,0.0478309467,0.103,0.225,0.307,0.091,0.129,0.364,7.8,8.273249e-4,0.6618306259,0.1629589769
76.833054979,DE,81615,0.0397311117,4.3070153863,0.8347351535,0.0548337754,0.138,0.227,0.38,0.117,0.118,0.373,7.3,7.375043e-4,0.7226993834,0.1269580342
75.084676846,DE,72498,0.0451284823,3.8952164009,0.8339525089,0.0588400112,0.152,0.251,0.393,0.111,0.137,0.409,7.3,5.050258e-4,0.7097340585,0.1354067893
77.067826738,DE,86798,0.0388030073,4.4643873893,0.8361210977,0.0440715182,0.142,0.224,0.376,0.116,0.12,0.365,8.3,8.658266e-4,0.6851168236,0.1300085173
77.094690802,DE,78092,0.0384122919,4.1895605169,0.8699028456,0.0879690949,0.155,0.227,0.386,0.099,0.133,0.353,7.2,6.140744e-4,0.8126786354,0.1145766015
76.523411164,DC,104643,0.0490570017,6.3612833648,0.868624133,0.063980013,0.114,0.152,0.251,0.087,0.11,0.328,7.8,0.0012879636,0.4113995696,0.1643468899
76.523411164,DC,104643,0.0490570017,6.3612833648,0.868624133,0.063980013,0.114,0.152,0.251,0.087,0.11,0.328,7.8,0.0012879636,0.4113995696,0.1643468899
78.068184013,FL,73283,0.0290920528,4.590330624,0.8392730622,0.0693118931,0.12,0.235,0.317,0.096,0.132,0.388,7.9,7.301275e-4,0.6732392607,0.1763116799
77.679971344,FL,61843,0.030843186,5.8302165141,0.8416923315,0.0284807256,0.156,0.244,0.33,0.109,0.136,0.377,7.8,0.0015542297,0.5406646804,0.2083746628
74.18906107,FL,70859,0.0278266128,3.8489820006,0.7884119711,0.059430512,0.163,0.244,0.353,0.098,0.14,0.401,8.3,5.748794e-4,0.6828345464,0.1299645271
75.835402526,FL,77961,0.0298583642,4.3994262419,0.7742527488,0.0733669868,0.136,0.224,0.329,0.096,0.121,0.356,7.9,7.232886e-4,0.7692078654,0.1397013472
79.272690806,FL,74367,0.0288090408,4.814024685,0.8655560811,0.0661695537,0.134,0.26,0.318,0.12,0.113,0.405,9.3,7.571273e-4,0.6325990296,0.2288697134
78.806582538,FL,71381,0.0346526461,4.0747663551,0.792908486,0.1210553544,0.161,0.23,0.344,0.097,0.138,0.371,7.9,6.210128e-4,0.8316929134,0.1350410053
72.50908895,FL,54447,0.0449179672,4.4823519676,0.8234292425,0.10760910109999999,0.152,0.229,0.345,0.097,0.157,0.396,8.2,4.617827e-4,0.8483235535,0.1289917394
75.419766887,FL,82249,0.0289367546,3.6254877724,0.7736190232,0.048731584,0.137,0.211,0.356,0.099,0.111,0.405,8.8,5.351658e-4,0.7624423597,0.1107634387
84.027056719,FL,91402,0.0287234153,4.8386932655,0.9254814602,0.0687504238,0.137,0.236,0.274,0.097,0.117,0.332,7.6,8.212861e-4,0.7597891426,0.1800713698
72.378985361,FL,58949,0.0338411171,4.8153010606,0.9053367609,0.153125,0.202,0.278,0.383,0.118,0.148,0.393,8,5.114726e-4,0.708757485,0.1112848987
74.256321282,FL,69455,0.0314689953,4.4869769501,0.8363569438,0.0988004724,0.152,0.273,0.331,0.119,0.127,0.429,8.3,8.100527e-4,0.5806525662,0.166131961
72.732727545,FL,70838,0.0307400429,4.4237783656,0.8716542928,0.0897142234,0.162,0.243,0.326,0.109,0.138,0.381,9.7,7.63051e-4,0.6399931406,0.1438388055
77.900684916,FL,74753,0.0371434674,4.0381008035,0.8840160844,0.0428297464,0.135,0.21,0.334,0.097,0.121,0.381,8.1,5.29223e-4,0.8152338158,0.1396663954
74.864519115,FL,54619,0.0479667632,4.342122343,0.8144289228,0.1817812119,0.188,0.358,0.386,0.151,0.169,0.432,7.5,2.728648e-4,0.723680436,0.1172172098
74.434585846,FL,64092,0.038408814,3.9740969582,0.8239693926,0.0687103594,0.163,0.264,0.334,0.11,0.142,0.381,8.3,5.582193e-4,0.8182484108,0.1170178697
74.963827294,FL,51495,0.042739608900000003,4.544046253,0.8948873793,0.0951245363,0.176,0.295,0.362,0.118,0.156,0.389,7.8,5.80855e-4,0.7891735411,0.1180977423
77.452837411,FL,76528,0.0293416893,4.643411332,0.833579979,0.05956765,0.127,0.235,0.314,0.112,0.127,0.388,8.3,8.35479e-4,0.6106442479,0.1716227314
78.272090204,FL,73686,0.0352662892,4.49547165,0.8418686508,0.068627451,0.156,0.234,0.33,0.1,0.128,0.379,7.8,6.293458e-4,0.7933067428,0.1484336338
77.385487325,FL,70784,0.0311542275,4.0301947252,0.8052607373,0.084061203,0.158,0.243,0.348,0.113,0.12,0.388,8.9,5.861487e-4,0.76647604,0.1327079888
80.601092056,FL,71811,0.0317700454,4.2243525059,0.8832822709,0.0698393635,0.127,0.208,0.311,0.101,0.127,0.359,7.3,6.649949e-4,0.7398056247,0.1653790478
77.089036178,FL,66063,0.0310566309,5.1968041678,0.8642749353,0.0262191924,0.141,0.227,0.331,0.107,0.129,0.407,7.5,8.845115e-4,0.5185252708,0.1940298507
74.361429212,FL,53214,0.0351007363,4.7758257203,0.8214013097,0.155143339,0.181,0.287,0.385,0.103,0.15,0.415,8,1.132298e-4,0.79845349350000006,0.0977279433
79.839024496,FL,79213,0.0304125497,4.3716391389,0.8369480184,0.0846284528,0.159,0.248,0.339,0.104,0.122,0.405,8.5,6.203008e-4,0.746884347,0.1493111474
73.961486773,FL,58584,0.036371422,4.2315244691,0.8279546005,0.1225408255,0.173,0.288,0.391,0.113,0.138,0.414,8.5,5.804387e-4,0.7668089314,0.1333758069
80.359704058,FL,76430,0.0289105608,4.6729368207,0.7807025451,0.0556733828,0.149,0.211,0.276,0.091,0.121,0.339,7.9,6.940016e-4,0.8010616337,0.1589166629
79.697129164,FL,72030,0.0182001376,5.3304169004,0.8545267571,0.0744211862,0.13,0.302,0.303,0.133,0.137,0.389,7.8,8.280829e-4,0.5219313747,0.2513858802
75.906823106,FL,81990,0.0261515375,3.8159833646,0.7515865671,0.054353562,0.151,0.207,0.336,0.098,0.123,0.374,8.9,6.986941e-4,0.6775435969,0.1319370071
73.198587283,FL,54297,0.0321262972,4.2080321285,0.9199914749,0.1617578308,0.212,0.333,0.401,0.126,0.158,0.421,7.7,4.221924e-4,0.7455718707,0.1370888733
78.947032671,FL,78487,0.0284348175,4.4688763377,0.8197422654,0.0421326163,0.125,0.232,0.328,0.115,0.124,0.414,6.8,9.256747e-4,0.5736470514,0.1853554312
77.734782435,FL,76416,0.0336966372,3.9360512853,0.84479363,0.054423837,0.132,0.284,0.31,0.128,0.137,0.388,8.9,4.116226e-4,0.6623073117,0.2041383498
80.695456849,FL,84789,0.0300809794,4.8938361217,0.8379808638,0.0678627502,0.129,0.235,0.305,0.101,0.116,0.376,7.3,8.037453e-4,0.6986331197,0.201096389
76.233451384,FL,72065,0.0333108574,4.6386192383,0.8306569829,0.0657452513,0.144,0.223,0.347,0.099,0.133,0.376,8.7,5.136397e-4,0.7550378491,0.1400826612
77.580231199,FL,70684,0.0278225968,4.6462361708,0.8675575747,0.0839451005,0.158,0.235,0.322,0.094,0.128,0.38,7.9,9.136382e-4,0.6943923335,0.170454214
76.101922353,FL,66709,0.0365104436,4.1041235692,0.8343667138,0.0907589908,0.173,0.295,0.416,0.128,0.137,0.438,8.4,4.605054e-4,0.7001731473,0.1509691868
70.790954129,FL,51585,0.0397435443,4.8161444283,0.8638310761,0.2077632835,0.224,0.32,0.398,0.127,0.173,0.425,8.3,3.775264e-4,0.7261337684,0.1238901076
81.015968703,FL,106281,0.0266243556,4.18916458,0.7125505602,0.0432985205,0.093,0.161,0.265,0.076,0.097,0.313,8.7,9.505378e-4,0.8205868029,0.1241873474
78.214672427,FL,66876,0.0351277916,4.1328587607,0.8110891241,0.0779557387,0.154,0.267,0.347,0.115,0.123,0.387,7.9,3.376225e-4,0.7765496809,0.1650906071
76.347040329,FL,87581,0.0284344942,3.7209353307,0.7598512423,0.0531454566,0.145,0.23,0.311,0.094,0.116,0.402,9.7,5.773255e-4,0.7998035088,0.1016949153
80.252246127,FL,78218,0.0301040659,4.1858513847,0.8157798592,0.0510939256,0.131,0.191,0.288,0.082,0.118,0.351,7.9,7.896085e-4,0.7633757171,0.1539763451
79.068430751,FL,80698,0.0278176722,4.1285030405,0.8237858129,0.0324599839,0.124,0.204,0.314,0.1,0.112,0.366,7.3,7.9346e-4,0.6576031845,0.1541747893
78.385190701,FL,79334,0.0422217089,3.5641177968,0.815795933,0.1025979745,0.139,0.209,0.351,0.094,0.127,0.356,8.6,4.349813e-4,0.8810445019,0.1100630378
74.966048004,FL,66111,0.0326890394,4.1863829787,0.8444879322,0.0610889249,0.152,0.233,0.339,0.098,0.134,0.358,8.1,6.750388e-4,0.7280198487,0.1606775491
75.611300802,GA,74521,0.0320025844,4.8460786868,0.8157612551,0.0747354497,0.128,0.232,0.374,0.109,0.131,0.388,8.8,6.593783e-4,0.6535729799,0.1434804922
74.873041906,GA,72075,0.0276126909,3.5568315103,0.8514748155,0.0868008949,0.143,0.25,0.399,0.11,0.121,0.38,9.5,2.192527e-4,0.7946254619,0.1055075854
73.938103851,GA,78771,0.0307770595,4.008535594,0.7673576445,0.0789003927,0.154,0.259,0.378,0.106,0.13,0.371,9.1,3.698926e-4,0.7386294877,0.1073453642
70.625763728,GA,51569,0.0395883796,6.4798163597,0.8228923053,0.0868824532,0.181,0.321,0.485,0.142,0.166,0.434,8.2,0.0013970222,0.5152226002,0.2017715322
71.940684977,GA,59622,0.0294117647,4.4596345636,0.8140496678,0.2547332186,0.189,0.291,0.402,0.121,0.137,0.395,8.5,2.715178e-4,0.7106616387,0.1153354261
72.973049842,GA,71083,0.0328049431,4.5993844848,0.8171280214,0.0946723362,0.149,0.252,0.369,0.11,0.148,0.345,8.8,5.083301e-4,0.6929905042,0.142074429
75.61810595,GA,70556,0.0293543549,4.5449077516,0.8403095964,0.067332454,0.136,0.227,0.361,0.116,0.13,0.426,8.9,9.280226e-4,0.5628684764,0.1747708371
70.575595711,GA,51225,0.0368791302,4.1034289974,0.7711720247,0.1788389513,0.21,0.322,0.39,0.121,0.182,0.38,8.4,8.02182e-5,0.6739225552,0.0863528615
79.429827139,GA,104220,0.0257117634,3.689241834,0.7659968306,0.0656081695,0.13,0.216,0.351,0.095,0.108,0.359,9.3,4.114852e-4,0.7740890933,0.1090012912
73.788437033,GA,57974,0.0409614344,3.9963069948,0.8501521351,0.1052038112,0.179,0.343,0.454,0.149,0.119,0.451,8.2,2.524403e-4,0.531895556,0.2025586978
79.138528085,GA,99134,0.0282215754,4.2625473223,0.848439944,0.0366188441,0.097,0.167,0.289,0.092,0.101,0.362,8.2,7.798623e-4,0.6699294503,0.1220960409
78.426826938,GA,97031,0.0300119732,3.8571397456,0.7937932661,0.0549796156,0.15,0.237,0.36,0.109,0.109,0.356,9.7,0.0010523744,0.7849202235,0.0938850051
76.435159053,GA,93326,0.0291819184,3.9397028972,0.7636547823,0.059712774,0.138,0.218,0.441,0.098,0.112,0.37,8.8,4.534664e-4,0.7759269307,0.1002818354
78.224975785,GA,77722,0.0331510105,5.0359794748,0.9170358373,0.0692015001,0.13,0.213,0.335,0.12,0.112,0.37,9,0.0010610808,0.5849951349,0.181813268
70.324103485,GA,45863,0.0428428817,5.4550273797,0.8104707543,0.1502561184,0.188,0.315,0.444,0.157,0.166,0.474,10.3,7.778983e-4,0.4654609102,0.2272602865
75.582327261,GA,79672,0.0344533851,3.7922625839,0.8537486256,0.0948764453,0.148,0.267,0.428,0.128,0.105,0.425,9.3,4.320573e-4,0.6644071758,0.1254573756
74.946755779,GA,83900,0.0259295069,3.4812614046,0.7153341341,0.0748447205,0.149,0.233,0.386,0.096,0.107,0.379,9.1,2.247494e-4,0.785141159,0.0828763217
72.59643013,GA,61058,0.0315469566,4.9755827736,0.7820131387,0.0733727811,0.186,0.299,0.401,0.122,0.165,0.353,8.8,0.0013465491,0.6207206716,0.1300628788
81.026413608,GA,136347,0.0254172559,3.631376574,0.6608074579,0.0331325301,0.098,0.185,0.313,0.084,0.093,0.318,9.5,3.958402e-4,0.8497254522,0.0923917494
77.52843163,GA,94510,0.0342526302,5.8664369441,0.7556774598,0.0642126288,0.107,0.2,0.3,0.101,0.117,0.398,9.5,0.0011226526,0.541375868,0.1727090757
74.725227352,GA,70067,0.0284459061,4.8455848684,0.7271383458,0.109312749,0.139,0.244,0.359,0.111,0.142,0.405,7.7,5.192414e-4,0.6704404332,0.1359458731
73.127354982,GA,64795,0.029607978,4.5522600416,0.8056505109,0.1530837004,0.201,0.305,0.4,0.122,0.153,0.388,8.6,4.636228e-4,0.7258768773,0.1033774303
79.266172833,GA,84076,0.0286567188,4.0951784116,0.8858494726,0.057413802,0.118,0.231,0.333,0.12,0.107,0.369,8.3,6.593776e-4,0.6668907115,0.1691310628
74.815047607,GA,71753,0.0312129797,4.7009107749,0.8253394226,0.085506135,0.18,0.297,0.368,0.113,0.154,0.365,7.8,4.703468e-4,0.7468220339,0.1050882794
77.183412745,GA,78309,0.0240991961,4.297857929,0.8027478468,0.094641429,0.171,0.283,0.35,0.116,0.14,0.406,8.7,5.979679e-4,0.6887304772,0.126948743
71.226951346,GA,59384,0.0320774701,5.4087873179,0.7548308382,0.1620915033,0.191,0.275,0.338,0.099,0.151,0.378,8.4,4.252257e-4,0.7112076455,0.1143829944
75.304114433,GA,80908,0.0345797364,3.3881114004,0.8407638119,0.0730373649,0.13,0.238,0.393,0.119,0.088,0.401,9.1,4.852488e-4,0.7254254539,0.1261878026
75.016285678,GA,75266,0.0291281244,4.1516718473,0.7615019925,0.0508697079,0.142,0.265,0.393,0.109,0.115,0.448,9.5,5.274862e-4,0.6710157984,0.1111293634
70.752850372,GA,56867,0.0409782224,6.641044949,0.783400377,0.1034482759,0.195,0.309,0.415,0.129,0.174,0.416,9.3,8.4768e-4,0.6526774389,0.1358010411
73.476966671,GA,54984,0.0348118253,5.1619150841,0.7400987757,0.0678094278,0.181,0.289,0.395,0.129,0.152,0.408,8.3,5.617224e-4,0.5609196937,0.1504976303
71.987049397,GA,52492,0.0422735677,4.8531169568,0.7976651481,0.1321998281,0.17,0.307,0.417,0.146,0.157,0.442,8.4,0.0010359066,0.502369727,0.1810418225
74.085719742,GA,76151,0.0380686757,4.1550500965,0.8390710828,0.0778617083,0.169,0.276,0.423,0.127,0.117,0.412,9.1,2.340601e-4,0.7392366337,0.1527777778
76.884831252,GA,93773,0.0286458894,3.1086480294,0.7504719088,0.0881597154,0.152,0.252,0.385,0.104,0.099,0.417,9.2,1.381057e-4,0.8026549277,0.0812229664
71.092206146,GA,56330,0.0305785124,4.7386185559,0.6500782185,0.1712654615,0.166,0.267,0.396,0.114,0.146,0.358,8.3,2.503004e-4,0.7808164354,0.0813769264
73.156613975,GA,80652,0.0272678476,4.2550118257,0.833492024,0.1787037037,0.144,0.237,0.342,0.096,0.114,0.344,8.4,2.053704e-4,0.8481168332,0.1023798115
71.402295998,GA,52073,0.0459049594,5.1491685766,0.8249049507,0.0897984117,0.185,0.302,0.444,0.147,0.157,0.434,10.7,8.897619e-4,0.5141756528,0.1892928596
75.673791186,GA,76081,0.0372343896,3.7270150083,0.9823240206,0.0863271713,0.154,0.286,0.449,0.134,0.102,0.427,9.3,7.015157e-4,0.65779322119999994,0.1565410733
70.671376817,GA,48866,0.0377715602,5.4438609891,0.9274160185,0.1525735294,0.169,0.285,0.425,0.125,0.181,0.404,8.9,7.8035e-4,0.6568579046,0.1476705491
73.301731332,GA,58363,0.0295661356,4.1947674419,0.8596740188,0.1045576408,0.203,0.318,0.418,0.111,0.16,0.408,8.5,1.897533e-4,0.7565791987,0.085590595
74.711761656,GA,79829,0.0295300636,3.9884365469,0.8150714309,0.0519207157,0.178,0.27,0.358,0.114,0.13,0.37,9.3,2.403533e-4,0.7917942262,0.115119874
76.549346189,GA,41163,0.0559311616,6.2931111111,1.3530418547,0.1981258367,0.251,0.345,0.475,0.157,0.173,0.43,8.8,2.677018e-4,0.68802589,0.1597222222
75.069570842,GA,63111,0.0386681975,4.1155872327,0.8273072549,0.0939341421,0.184,0.305,0.369,0.132,0.153,0.389,8.6,5.347698e-4,0.679981164,0.0893138745
81.436895423,HI,96716,0.0295997528,4.4288389069,0.8407005712,0.0850934832,0.105,0.206,0.27,0.103,0.131,0.459,3.7,8.913998e-4,0.62551049,0.1891195227
79.522001185,HI,73092,0.0300803264,5.3054721854,0.8447230222,0.1106422879,0.138,0.193,0.26,0.092,0.144,0.399,3.5,7.688289e-4,0.731009622,0.1685321856
81.707869269,HI,102382,0.027077414,4.2915175337,0.8476096498,0.0820560967,0.119,0.222,0.262,0.114,0.123,0.495,3.9,0.00093117130000000005,0.5953996458,0.1935515466
81.740477546,HI,83764,0.0439533866,4.3052215489,0.8534369492,0.0802898122,0.134,0.204,0.241,0.1,0.121,0.426,3.9,8.342417e-4,0.6499414256,0.1941862876
78.030124221,ID,74859,0.0309482283,3.9542525032,0.7600971758,0.0687428953,0.124,0.21,0.336,0.088,0.114,0.332,7.2,6.175947e-4,0.723731337,0.110829967
79.739077472,ID,90513,0.027423875,3.9246352175,0.7818422469,0.0499393672,0.115,0.176,0.287,0.077,0.097,0.306,7.8,8.868383e-4,0.7135434672,0.1094374758
75.216144295,ID,67371,0.0309485621,4.4463894168,0.7778331301,0.0891288433,0.139,0.224,0.368,0.096,0.124,0.369,6.7,7.364354e-4,0.6863227355,0.1159896762
75.107775813,ID,73409,0.0306511803,4.0245214455,0.7898224271,0.0710560626,0.147,0.257,0.411,0.098,0.115,0.339,6.7,2.864392e-4,0.8063589231,0.0794140324
78.77125024,ID,68030,0.043449168,4.2915207213,0.7863704377,0.0682788051,0.145,0.213,0.267,0.084,0.127,0.306,12.7,4.849367e-4,0.7764681872,0.1398756193
76.922477846,ID,74948,0.0260114279,3.9421933343,0.6439708532,0.0969174855,0.128,0.226,0.352,0.093,0.109,0.368,6.6,3.83022e-4,0.7160772742,0.0957446809
77.448955324,ID,72059,0.0340411681,3.383210292,0.7668441855,0.1102483386,0.152,0.259,0.377,0.101,0.114,0.355,10.5,3.126093e-4,0.7508809616,0.1037294595
78.387966467,ID,75235,0.0362505411,3.9366665723,0.7733100713,0.0512787724,0.133,0.202,0.343,0.081,0.113,0.345,13,8.009389e-4,0.7221144941,0.1276159877
75.093764263,ID,70340,0.0277662661,4.7057829119,0.7189336916,0.0770667912,0.137,0.22,0.355,0.094,0.13,0.357,10.8,6.595374e-4,0.7217971014,0.1441651706
77.174090641,ID,67532,0.0381659615,3.4805368363999998,0.8628961352,0.1597676107,0.164,0.28,0.374,0.105,0.123,0.309,10.2,3.795066e-4,0.7449636114,0.1050307013
75.988765947,ID,66664,0.0320354301,3.8787440883,0.7177714152,0.1374753452,0.134,0.241,0.365,0.092,0.12,0.342,7.2,6.504559e-4,0.6959188488,0.1146683596
77.468741818,IL,80346,0.0446092058,4.9471483934,0.8015724075,0.0657591071,0.128,0.221,0.33,0.107,0.12,0.367,8.65,7.912263e-4,0.6683522914,0.1402452148
76.839950252,IL,66854,0.0569219067,4.2029336517,0.6649033636,0.0644728005,0.187,0.258,0.378,0.109,0.131,0.38,9.1,4.561628e-4,0.7617586182,0.0888987501
78.794249148,IL,62169,0.04140472,5.8982173913,0.8295762094,0.054881697,0.16,0.239,0.355,0.105,0.127,0.359,7.6,0.0010439782,0.5344903733,0.1731426913
77.390350131,IL,80547,0.0442190389,5.4311047829,0.8606058904,0.0694168744,0.12,0.209,0.328,0.108,0.121,0.36,10.8,9.164636e-4,0.5750967342,0.1767803399
81.327487589,IL,107032,0.0337090124,4.1064060162,0.760827564,0.0347049561,0.097,0.179,0.294,0.093,0.09,0.354,9.2,0.0013493569,0.7312823858,0.1229660691
72.450358496,IL,52533,0.0548057518,5.0473628591,0.7668158159,0.1313299944,0.203,0.269,0.396,0.111,0.166,0.396,9.1,3.472037e-4,0.7476751395,0.1192307692
74.922802582,IL,62914,0.0533937273,4.1349751949,0.7201355004,0.1259259259,0.19,0.251,0.393,0.108,0.132,0.379,8.5,3.614784e-4,0.7790965329,0.0769924134
77.363218073,IL,73198,0.0494969989,4.0227131577,0.7243653654,0.1149521033,0.152,0.208,0.347,0.088,0.114,0.359,8.9,2.249167e-4,0.8038596318,0.0732658228
74.120151659,IL,60543,0.0470812105,4.2653976215,0.7222660403,0.1204545455,0.184,0.241,0.388,0.105,0.142,0.385,9,4.881091e-4,0.7185410334,0.1057318538
79.770378976,IL,97543,0.0511184023,3.9693131056,0.7731087735,0.0622655913,0.121,0.21,0.373,0.1,0.102,0.352,8.8,3.995438e-4,0.7574128256,0.1206194014
74.582384052,IL,68451,0.0584103156,4.4678543512,0.7651246693,0.0538295909,0.171,0.237,0.403,0.111,0.134,0.41,9.3,3.470887e-4,0.6877124343,0.1354658056
80.46606729,IL,114606,0.0382915445,2.9478666754,0.8298555822,0.0687022901,0.111,0.199,0.364,0.093,0.076,0.342,9.5,2.965885e-4,0.8417553789,0.0916145181
80.432250505,IL,108349,0.0503572022,4.6557069148,0.7897486814,0.0456961398,0.131,0.213,0.319,0.106,0.099,0.338,9.1,0.0010643398,0.7440310138,0.123611321
75.803065293,IL,72225,0.057907022,4.3242084754,0.6815696218,0.0603684115,0.166,0.232,0.366,0.102,0.134,0.368,9.6,3.762676e-4,0.7391111505,0.1119459053
79.472428098,IL,101205,0.0373275039,3.8180100886,0.7231969548,0.0477339612,0.134,0.201,0.342,0.091,0.092,0.31,8.2,4.499843e-4,0.825787207,0.1031942316
78.517526472,IL,79622,0.0385506032,5.2833219877,0.7604065041,0.0184187244,0.143,0.217,0.354,0.1,0.109,0.35,8.9,6.144339e-4,0.6521600649,0.1149736299
74.624427296,IL,61033,0.0604344556,4.4268681903,0.805406646,0.0896207585,0.183,0.256,0.371,0.105,0.137,0.399,8.6,8.883943e-4,0.6984584853,0.0963002603
75.058121488,IL,70256,0.0410646388,4.5689250289,0.7864184363,0.1391631406,0.183,0.24,0.381,0.101,0.135,0.37,8.6,2.477143e-4,0.7771212208,0.0903376437
75.376217185,IL,73194,0.0413018538,4.5688804554,0.7393434661,0.0918948978,0.147,0.207,0.358,0.093,0.12,0.365,10.9,4.763885e-4,0.7361246972,0.1080208382
72.411380628,IL,54774,0.0487197724,4.6926519652,0.8131614181,0.0848385331,0.201,0.259,0.385,0.108,0.151,0.385,8.9,3.476865e-4,0.7445198836,0.1067400644
74.133372948,IL,60599,0.0506685433,5.3459935553,0.773209123,0.1026058632,0.191,0.244,0.362,0.102,0.142,0.361,8.5,3.916821e-4,0.7626276076,0.1013829191
77.791451891,IL,78109,0.0538497081,3.8563513707,0.7290021366,0.0868459302,0.185,0.245,0.359,0.103,0.12,0.37,9.4,5.63665e-4,0.7451075139,0.0919563059
75.267453864,IL,62873,0.0546952744,5.3557145115,0.7529948149,0.0855579869,0.165,0.246,0.356,0.105,0.131,0.383,8.2,0.0013375541,0.6698757039,0.1374514573
73.665738365,IL,57119,0.0421778084,4.0810504371,0.8942118438,0.131840796,0.157,0.223,0.374,0.099,0.139,0.372,8.6,5.697645e-4,0.7356663021,0.0728487886
76.435559792,IL,63457,0.0510858725,4.6112701909,0.7871955509,0.0581198804,0.141,0.225,0.374,0.106,0.132,0.368,8.1,4.898222e-4,0.6863152046,0.1158223232
74.132190766,IL,66007,0.0463335987,4.9340690138,0.7724853562,0.089741618,0.163,0.219,0.382,0.11,0.117,0.388,9.5,5.887063e-4,0.6779003288,0.1276156584
76.787168546,IL,73004,0.0427826158,4.5714010901,0.8924066842,0.0916255122,0.162,0.227,0.383,0.097,0.12,0.369,7.6,0.0012067744,0.7061454502,0.111968639
76.578715422,IL,73659,0.0453739237,4.0997415279,0.7203823005,0.0727243794,0.147,0.214,0.352,0.092,0.111,0.369,9,4.29405e-4,0.7752545901,0.0965501494
74.652892987,IL,64452,0.0544380363,4.8870415027,0.9051837751,0.1417497231,0.178,0.234,0.376,0.103,0.167,0.37,8.8,7.681853e-4,0.7682962106,0.0954586197
72.521270274,IL,51813,0.0581854662,4.5319359223,0.7469842586,0.0982425814,0.198,0.28,0.41,0.114,0.143,0.384,8.8,3.557015e-4,0.6923637568,0.1045190955
75.477619075,IL,68641,0.0465952424,4.4356218548,0.7859696157,0.0525905727,0.157,0.232,0.353,0.097,0.126,0.358,9.1,5.062833e-4,0.7546413956,0.0830131356
78.546473926,IL,103587,0.0421194322,3.7865788573,0.76275109,0.0738358376,0.125,0.207,0.366,0.099,0.088,0.38,9.8,5.40694e-4,0.8251958062,0.1110180922
75.533801627,IL,60704,0.0441294895,4.6985972818,0.8174241416,0.1285914506,0.186,0.244,0.384,0.102,0.14,0.385,9,7.92476e-4,0.7113018697,0.1051070369
74.53418613,IL,65795,0.0616879919,4.7068620919,0.7704200076,0.0924399352,0.186,0.276,0.385,0.115,0.145,0.377,9.1,7.028847e-4,0.6524006271,0.1354907539
75.094796569,IN,69458,0.0333316575,4.3114359191,0.7775369876,0.0582705523,0.169,0.266,0.384,0.112,0.139,0.386,8.55,6.560402e-4,0.7035088459,0.1113793261
77.026380163,IN,66567,0.0271878161,3.4013562387,0.9086357174,0.1750756811,0.241,0.332,0.4,0.125,0.125,0.385,8.1,3.893106e-4,0.8219522074,0.0794034328
75.614121219,IN,66194,0.0313275009,4.0688655767,0.773566408,0.0655706548,0.188,0.269,0.383,0.116,0.13,0.36,8.4,7.385334e-4,0.6912694655,0.1050517903
73.194920246,IN,71718,0.0306657168,3.6779661017,0.8386529365,0.0352919774,0.191,0.279,0.412,0.105,0.127,0.371,9.8,3.829295e-4,0.7497153546,0.0819276607
76.121857001,IN,76778,0.0235951751,4.6634735374,0.6917127264,0.1158059468,0.227,0.324,0.383,0.115,0.132,0.362,8.7,4.191993e-4,0.7152489627,0.0845019122
75.847569923,IN,68933,0.0295058336,3.7474805556,0.7121184151,0.0589812332,0.175,0.259,0.375,0.097,0.127,0.374,8.2,4.61542e-4,0.8227892756,0.0804350424
72.606301168,IN,55704,0.0383537653,4.5361372871,0.8251558224,0.0412234043,0.225,0.288,0.398,0.119,0.167,0.405,8,0.001144175,0.6648896979,0.1429725182
76.243786114,IN,69262,0.0399319537,4.185160293,0.7221176678,0.0668074324,0.196,0.307,0.425,0.118,0.134,0.369,8.2,4.88109e-4,0.712458194,0.114324094
80.651193306,IN,121231,0.0254276772,3.8945333192,0.7096268259,0.0423133389,0.1,0.169,0.279,0.082,0.092,0.311,9.4,0.0013879153,0.7628462653,0.0825050683
73.651380822,IN,75443,0.0284716496,3.664365735,0.8233288192,0.0818941504,0.185,0.262,0.365,0.101,0.124,0.403,9.1,4.778552e-4,0.843737627,0.052739726
78.605697938,IN,95323,0.026561199,3.3125896806,0.7423346903,0.0267179652,0.151,0.239,0.389,0.103,0.097,0.387,9.9,4.850715e-4,0.7784899528,0.0763831163
73.966123901,IN,62048,0.0341246291,3.964909828,0.791116338,0.1290773532,0.226,0.303,0.444,0.118,0.157,0.43,7.3,4.087054e-4,0.7593716143,0.0785322929
72.955822249,IN,61548,0.0500296033,4.1095923427,0.7144304956,0.0514285714,0.203,0.284,0.419,0.109,0.152,0.381,6.7,5.496672e-4,0.7186939566,0.0971136324
74.798499748,IN,67462,0.0297554051,3.6867359798,0.772563967,0.0638511815,0.186,0.263,0.39,0.108,0.138,0.353,8.3,5.447068e-4,0.7617390162,0.0749575263
76.213291567,IN,91676,0.0267337668,3.8668303314,0.7807990053,0.0699460108,0.177,0.278,0.421,0.106,0.115,0.382,9.6,8.034182e-4,0.7394046787,0.1029139991
76.052169095,IN,72726,0.0336965344,3.7773294852,0.7266418953,0.050445705,0.167,0.264,0.395,0.105,0.127,0.355,8.6,4.369211e-4,0.7697735219,0.0920322177
78.604507436,IN,81738,0.0309494334,3.380215718,0.651740982,0.1193976336,0.229,0.315,0.421,0.11,0.106,0.351,8.3,2.467673e-4,0.8183380194,0.0798531811
74.354373816,IN,69182,0.050045635,4.6856446842,0.7011776616,0.0733100233,0.169,0.289,0.381,0.117,0.14,0.434,9.8,5.074635e-4,0.7086481905,0.1344019861
74.31503196,IN,64204,0.0398087168,4.2524627349,0.7127045086,0.0864923747,0.199,0.289,0.397,0.117,0.145,0.389,8.1,3.736987e-4,0.7456331128,0.100783636
73.158893548,IN,62000,0.0357295397,4.1632794542,0.8153589316,0.068119891,0.227,0.293,0.396,0.114,0.157,0.383,8.3,4.817177e-4,0.6997142479,0.110003713
73.043484497,IN,66653,0.0329372679,4.4712874843,0.851582102,0.0768009098,0.176,0.287,0.393,0.13,0.14,0.397,11.1,7.795268e-4,0.5592595207,0.153804965
74.090804582,IN,59297,0.0393270096,3.9531077274,0.8930886358,0.1232414181,0.22,0.29,0.421,0.115,0.157,0.381,8.2,2.217233e-4,0.7503391108,0.0945883083
77.50899723,IN,60553,0.0326317276,5.6130505991,0.7879783804,0.0164448908,0.156,0.236,0.376,0.101,0.15,0.335,7.7,5.862377e-4,0.5483488947,0.1847042877
75.587429091,IN,69928,0.0277865821,4.004026119,0.8309036888,0.0829087541,0.208,0.289,0.426,0.112,0.146,0.406,9,2.889946e-4,0.778085545,0.0889566485
76.991029908,IN,79398,0.0368756519,4.1421542267,0.6715693445,0.0386758805,0.166,0.254,0.37,0.097,0.123,0.381,7.5,5.624329e-4,0.7721347852,0.1050460649
75.830163487,IN,73137,0.0315974254,4.0048619393,0.7731548359,0.0887166236,0.188,0.259,0.394,0.105,0.129,0.4,8.9,3.245085e-4,0.7355507868,0.0542926506
75.054195941,IN,65977,0.0387452759,4.4573253408,0.7899996612,0.0581189521,0.167,0.278,0.378,0.113,0.142,0.383,9.6,9.000338e-4,0.6882762488,0.11979062
77.588312625,IN,61681,0.0293791239,4.9124479102,0.797533257,0.0171664126,0.175,0.266,0.351,0.117,0.145,0.376,9.4,7.002502e-4,0.5390311093,0.1636614639
74.053918058,IN,60923,0.031646806,4.078223649,0.8036646897,0.0348910975,0.169,0.275,0.393,0.105,0.149,0.405,9.1,7.77834e-4,0.6447317288,0.1270600109
73.705155221,IN,50665,0.0378396144,5.1278501629,0.8304268234,0.0371882748,0.212,0.289,0.41,0.119,0.168,0.405,8.6,8.302357e-4,0.6335015847,0.1604514826
72.493256857,IN,55682,0.0305245056,4.1898359077,0.785827246,0.1129032258,0.205,0.289,0.417,0.107,0.146,0.369,8.6,2.490926e-4,0.8229943606,0.0960249268
72.273738441,IN,52956,0.0344757656,4.609214116,0.7436359335,0.0829769033,0.229,0.313,0.394,0.117,0.162,0.407,8.5,6.01902e-4,0.6971437094,0.1219465649
77.802834984,IN,76326,0.0274431058,3.4514195167,0.6821514029,0.1144990666,0.182,0.259,0.346,0.096,0.124,0.364,9.8,5.808888e-4,0.8020676287,0.0680655446
77.761818332,IA,71662,0.0294236711,4.1743635197,0.7932252368,0.0547439228,0.155,0.249,0.378,0.102,0.108,0.342,7.4,7.218738e-4,0.7153278625,0.1038886807
76.675217306,IA,61558,0.0321147424,4.2829539258,0.8194221647,0.0341768849,0.2,0.272,0.391,0.106,0.118,0.36,7.9,9.511537e-4,0.6531819873,0.1328535895
78.98810066,IA,80402,0.0292256972,3.6414993832,0.7872209161,0.0778688525,0.155,0.223,0.406,0.094,0.099,0.354,8.3,3.872779e-4,0.8109202454,0.0667666917
81.881987825,IA,102189,0.0220939999,4.0041958629,0.7768459782,0.061964849,0.109,0.18,0.322,0.085,0.079,0.276,7.6,4.239084e-4,0.6948468239,0.0728895779
77.331901386,IA,66410,0.0244690674,3.4954271632,0.7912930846,0.2700421941,0.189,0.27,0.403,0.099,0.094,0.33,7.5,2.188663e-4,0.8403281792,0.0708918654
78.695630646,IA,72749,0.0290512205,4.0483485758,0.7724132429,0.0468106148,0.192,0.283,0.415,0.097,0.101,0.353,9,7.698697e-4,0.7316742639,0.1141572017
81.954359886,IA,74665,0.0240360772,5.1101780316,0.8294663234,0.0264720435,0.128,0.196,0.309,0.095,0.101,0.308,9.5,0.0019192494,0.5883884656,0.1646466469
76.680263731,IA,65656,0.0326623623,4.1964568524,0.8392085513,0.2051282051,0.182,0.266,0.401,0.1,0.125,0.332,8.1,1.008675e-4,0.7886838868,0.1072515213
78.501196543,IA,73079,0.0346781619,4.0992018567,0.759511888,0.0404420597,0.141,0.229,0.373,0.101,0.097,0.32,9.6,6.246205e-4,0.7331327393,0.0988833508
74.905446549,IA,64005,0.0634610971,3.769106779,0.7557798,0.074598678,0.172,0.273,0.407,0.107,0.12,0.351,7.7,4.265676e-4,0.7333076032,0.0884914874
76.729773068,IA,66309,0.0317891064,3.8093789531,0.7550876367,0.1171602787,0.165,0.254,0.378,0.104,0.113,0.344,8,3.748126e-4,0.7486313337,0.1056111508
77.173642641,IA,79509,0.0287041729,4.0496253694,0.8060879701,0.0630713682,0.177,0.242,0.389,0.1,0.102,0.353,8,9.31882e-4,0.6707229106,0.1106910851
75.491193852,IA,70768,0.0288826746,4.258812616,0.80288357,0.0627125047,0.184,0.26,0.426,0.106,0.117,0.355,8.3,4.501415e-4,0.7034984413,0.1023372471
77.542043907,IA,77100,0.0346342577,4.5199363534,0.7617221346,0.0676225123,0.143,0.24,0.392,0.096,0.11,0.355,9.2,9.990239e-4,0.696002752,0.1021832447
76.690206273,IA,66288,0.0392984735,4.0537107047,0.7767442694,0.1117511521,0.188,0.286,0.413,0.112,0.123,0.353,7.8,1.778621e-4,0.7645223592,0.0861053637
75.536037723,IA,65984,0.0287143751,4.5442557929,0.8423279677,0.058561328,0.175,0.296,0.385,0.114,0.12,0.32,7.6,6.344276e-4,0.6843443696,0.1162402247
76.398860719,KS,70316,0.0265102757,4.3832090374,0.7937196876,0.0539799916,0.151,0.226,0.365,0.101,0.131,0.367,7.3,7.783051e-4,0.668821373,0.1088034158
75.308579085,KS,76742,0.0266465257,4.006112909,0.7446678126,0.0363044567,0.156,0.233,0.401,0.097,0.112,0.373,8.5,7.806861e-4,0.7820579421,0.0885598261
80.63713016,KS,103085,0.0241380971,3.8608736478,0.7722670369,0.0267865594,0.096,0.169,0.316,0.079,0.092,0.308,8.2,0.0011871778,0.6855627775,0.0998831049
74.362903628,KS,49874,0.0294117647,4.4402848338,0.7265500493,0.122826087,0.204,0.265,0.436,0.112,0.153,0.383,9.1,5.022097e-4,0.736998883,0.0841449162
76.968824406,KS,83086,0.0270657159,3.9976811742,0.7758238838,0.0737959606,0.149,0.221,0.401,0.099,0.117,0.373,8.9,4.867127e-4,0.6881427707,0.0988253935
75.253857903,KS,62470,0.0287956305,4.0025601639,0.7637766281,0.0578963322,0.188,0.243,0.38,0.108,0.135,0.399,7.7,5.861856e-4,0.6920770202,0.1047900505
75.518392178,KS,63587,0.0243068238,4.400442312,0.8453994363,0.0960830264,0.172,0.24,0.379,0.109,0.132,0.337,7.5,9.649644e-4,0.6679223284,0.1145353972
74.839780584,KS,67435,0.0294645829,4.4098603898,0.776904474,0.0851442946,0.173,0.238,0.335,0.108,0.137,0.372,6.7,8.89605e-4,0.6228197674,0.1153076626
74.952611831,KS,63612,0.027106164,4.3023531805,0.8512045427,0.0622103203,0.164,0.231,0.4,0.111,0.128,0.366,9.6,7.292555e-4,0.6698287892,0.1148832938
73.704342143,KS,61088,0.0337141336,4.4032885363,0.8687914641,0.0876712329,0.194,0.353,0.415,0.151,0.14,0.374,11,5.567329e-4,0.6135268856,0.1425390506
73.305262878,KY,61099,0.0415882385,4.9465411314,0.79018335,0.077631898,0.176,0.251,0.381,0.129,0.157,0.396,8,6.244742e-4,0.6828014203,0.1169871478
71.659557623,KY,45974,0.050304878,5.2396639763,0.8935208906,0.1018841591,0.199,0.283,0.373,0.121,0.18,0.447,7.8,2.641031e-4,0.7622387632,0.1004221954
67.291515354,KY,35566,0.0561811357,6.0530209618,0.8089545803,0.1446078431,0.254,0.315,0.442,0.143,0.221,0.425,7.4,5.029759e-4,0.6106445518,0.1330243337
77.995222605,KY,89313,0.0355633901,3.5667622408,0.7409493049,0.0477883658,0.173,0.219,0.385,0.106,0.103,0.39,9.4,5.894682e-4,0.7666315727,0.0819205594
75.72756828,KY,75402,0.0407725322,3.8273735461,0.779845777,0.0723744292,0.196,0.248,0.381,0.11,0.129,0.423,9.4,1.809016e-4,0.8390453461,0.0862866945
74.143607941,KY,51424,0.0438699111,4.8865893657,0.8097900931,0.0605678233,0.163,0.248,0.406,0.118,0.164,0.405,7.8,4.792332e-4,0.6368818772,0.140394948
72.127568244,KY,42914,0.0411629686,5.3243359303,0.7991101275,0.2265258216,0.257,0.335,0.414,0.142,0.191,0.459,7.9,1.260557e-4,0.7857487534,0.1057741441
71.491378916,KY,54934,0.0507060595,4.1170437406,0.8858017217,0.1356759395,0.213,0.296,0.418,0.139,0.163,0.419,8.5,6.08096e-4,0.5216544633,0.1563637851
74.932682497,KY,63213,0.0431299509,4.6797562369,0.7701885943,0.0766626842,0.192,0.242,0.356,0.114,0.147,0.386,7.9,5.530598e-4,0.667662852,0.1096071647
76.733811579,KY,67320,0.0337734688,5.0803797694,0.8444211113,0.0437175493,0.164,0.229,0.349,0.115,0.131,0.392,7.9,0.0012026365,0.5361349172,0.1473621193
72.560050206,KY,50804,0.0480801903,5.7643312102,0.6521884004,0.2034120735,0.242,0.312,0.41,0.13,0.181,0.433,7.8,3.284288e-4,0.7560131511,0.0983421251
66.955242249,KY,40604,0.059873080100000003,6.0920978186,0.6568669072,0.1645259939,0.231,0.304,0.399,0.127,0.228,0.461,7.3,5.669899e-4,0.721230982,0.1373878966
73.714392395,KY,65472,0.0411412425,4.0887210065,0.8364516761,0.1224885442,0.174,0.249,0.389,0.121,0.139,0.413,7.4,6.003208e-4,0.6232034035,0.0976610684
65.66415795,KY,36916,0.0660451888,5.3586526203,0.8215736559,0.2770780856,0.278,0.355,0.447,0.145,0.241,0.453,7,3.439841e-4,0.7082857143,0.1115848586
72.278422026,KY,55080,0.0442618461,4.7737355029,0.7751828564,0.0863402062,0.218,0.294,0.407,0.132,0.183,0.446,8.4,9.969427e-4,0.7175408663,0.0954659509
73.299649372,KY,64977,0.0391120399,4.6708838941,0.8196136799,0.0743792512,0.17,0.242,0.372,0.12,0.131,0.392,9.8,9.153153e-4,0.6181631612,0.1344232431
75.686154924,KY,75155,0.0349795013,4.1237085697,0.7592661231,0.0682852807,0.148,0.216,0.367,0.105,0.135,0.375,8.4,7.459068e-4,0.6926444388,0.1226297145
76.307475632,KY,79604,0.0368060749,4.2036900995,0.8098974775,0.0543087415,0.156,0.22,0.347,0.104,0.13,0.38,9.6,8.731821e-4,0.7003683813,0.1004002668
69.530801696,KY,37640,0.0584747495,6.4721152236,0.8005081213,0.1446629213,0.228,0.306,0.406,0.132,0.238,0.422,7.4,2.67478e-4,0.655571252,0.150771666
72.480017385,KY,52093,0.0449793338,5.633276565,0.7501172058,0.0906451613,0.213,0.292,0.411,0.126,0.177,0.41,7.7,3.836256e-4,0.714956996,0.1066490813
70.466571552,KY,51359,0.0514049227,5.1256799037,0.7983971951,0.1436031332,0.205,0.273,0.402,0.123,0.162,0.41,8,2.474941e-4,0.7775712515,0.1047006217
73.828346266,KY,65438,0.0385503034,4.5403598212,0.8521255245,0.0576782316,0.177,0.246,0.359,0.111,0.148,0.436,8.2,4.753555e-4,0.6240128533,0.1111489072
72.132216154,KY,54487,0.0482866044,5.1727673486,0.8220779221,0.0736666667,0.234,0.295,0.393,0.129,0.186,0.418,7.3,7.184018e-4,0.7186342593,0.1316535688
75.681537499,KY,81956,0.0334410659,3.6094011903,0.6895797735,0.0586194936,0.158,0.231,0.364,0.105,0.117,0.408,8.5,5.836709e-4,0.7214611872,0.0763743181
73.040605654,KY,60371,0.0375990182,4.6915597044,0.752541607,0.310840708,0.19,0.257,0.41,0.116,0.141,0.417,8.1,2.535754e-4,0.6628950449,0.1425642428
73.34532542,KY,60771,0.0485503517,4.8099222953,0.6296007327,0.2669983416,0.237,0.301,0.389,0.122,0.187,0.414,8.5,2.215003e-4,0.7174336973,0.0865306122
75.346133211,KY,62108,0.0393491615,4.5732200497,0.8070957662,0.0404681177,0.153,0.237,0.363,0.121,0.148,0.389,8.3,6.559193e-4,0.5670749705,0.1414178036
73.31319635,LA,58273,0.036890959,5.701404419,0.72848655,0.0944956729,0.171,0.275,0.403,0.132,0.169,0.405,8.3,6.941971e-4,0.673187832,0.1494293154
70.606976923,LA,43133,0.0371332775,6.1334486667,0.656369211,0.1387115496,0.208,0.314,0.368,0.124,0.195,0.38,8.3,3.665689e-4,0.679502067,0.1206380857
71.074164537,LA,44650,0.0421961326,5.9964274115,0.8212590018,0.0964172813,0.249,0.364,0.458,0.15,0.212,0.414,7.9,2.803548e-4,0.6871389271,0.1493934402
73.41021837,LA,57108,0.0358050993,4.9900921322,0.5016738403,0.0898483081,0.213,0.277,0.368,0.118,0.152,0.367,8.3,4.373497e-4,0.8317142648,0.0720458891
75.944593972,LA,71061,0.0323392953,4.7972531066,0.7960744286,0.120294599,0.182,0.282,0.447,0.12,0.152,0.429,9.5,4.72341e-4,0.660739816,0.138423013
71.430548568,LA,50773,0.0405524044,5.8476256462,0.7740324132,0.1268951879,0.205,0.304,0.459,0.149,0.167,0.4,9.6,0.0012570144,0.606456167,0.1755328056
73.467422067,LA,63912,0.0344509483,5.40261213,0.5932484937,0.0939083669,0.188,0.289,0.43,0.134,0.152,0.394,7.5,7.891583e-4,0.7224365219,0.1320358348
73.768926846,LA,39576,0.0396149574,6.1501488728,0.8795566642,0.3500570125,0.278,0.396,0.451,0.179,0.189,0.479,8.4,4.986465e-4,0.7049212991,0.1065116279
70.493086401,LA,43136,0.0471356055,5.6001884634,0.8342698594,0.2213983051,0.243,0.364,0.42,0.154,0.218,0.438,7.7,2.176752e-4,0.7037262357,0.174034972
73.187707433,LA,60205,0.0339963245,5.7070376432,0.7191878234,0.0683317009,0.166,0.274,0.379,0.127,0.141,0.43,8.3,8.669736e-4,0.5906059017,0.1704263788
71.135148229,LA,46178,0.0392622951,5.6191016978,0.6139713551,0.1357541899,0.258,0.371,0.463,0.156,0.22,0.43,8,6.518702e-4,0.6482843137,0.1566254646
72.880692792,LA,58560,0.0371009491,4.799864881,0.6728831229,0.2012522361,0.232,0.332,0.388,0.132,0.161,0.426,8,4.49721e-5,0.8209867964,0.0704614937
71.685627385,LA,51770,0.041164075,5.459004428,0.5990857106,0.1028819337,0.222,0.328,0.434,0.144,0.178,0.409,8.3,4.639362e-4,0.679854107,0.1420989625
75.182297337,LA,61168,0.0346731554,5.0199442173,0.8603471953,0.0980891058,0.173,0.291,0.397,0.127,0.154,0.415,8.1,9.22322e-4,0.623128383,0.1687920714
75.759984478,LA,64181,0.0319157177,5.5719475277,0.6996794052,0.0756861658,0.175,0.264,0.347,0.12,0.148,0.381,8.2,0.001076964,0.6610304256,0.1346811294
74.560347861,LA,60107,0.0316852789,5.3078199363,0.6564376043,0.1284246575,0.219,0.312,0.427,0.127,0.161,0.423,8.5,5.025435e-4,0.78308420459999994,0.1183137409
73.889545914,LA,73745,0.0297258538,4.3608836948,0.6586136697,0.1293701715,0.181,0.281,0.372,0.11,0.138,0.384,8.7,2.05719e-4,0.8127214672,0.0894827065
73.670927903,LA,53729,0.0445859147,7.8737468862,0.8244064686,0.072940778,0.175,0.266,0.381,0.136,0.164,0.394,7.9,0.0011167968,0.5054559525,0.2450945391
71.951383919,LA,52904,0.0378371414,6.7090844821,0.7867487457,0.0789012274,0.189,0.293,0.421,0.13,0.172,0.409,7.3,9.384763e-4,0.5949937504,0.1974507816
70.449233202,LA,52379,0.0349305048,5.3526687351,0.7416795666,0.0829851606,0.204,0.298,0.42,0.137,0.161,0.418,7.3,8.394609e-4,0.652918208,0.1376022966
71.972077065,LA,53183,0.0377922494,5.8898594546,0.6004724227,0.1055743243,0.232,0.33,0.464,0.14,0.198,0.411,8.4,1.35532e-4,0.803182086,0.1124389617
73.155863421,LA,52139,0.0420324021,5.5296830251,0.7519050038,0.185963521,0.224,0.333,0.441,0.141,0.184,0.409,7.9,2.485426e-4,0.7013858128,0.1539026998
69.647799499,LA,43051,0.0447686117,6.0660513593,0.7226837184,0.1063968668,0.232,0.346,0.484,0.15,0.182,0.409,8.3,6.701515e-4,0.7003919338,0.1415154038
71.826945749,LA,51179,0.0419705157,5.8495902298,0.7431958991,0.1600814664,0.248,0.348,0.446,0.151,0.179,0.444,8,4.353956e-4,0.6984228816,0.1280213843
76.543544781,LA,78484,0.032631438,4.5134978061,0.7074688513,0.0869018564,0.16,0.262,0.351,0.11,0.141,0.396,9,7.721205e-4,0.7882288016,0.1271857571
72.060958773,LA,55432,0.0428885247,5.4644381543,0.7312170609,0.0494618454,0.192,0.282,0.423,0.13,0.17,0.392,7.5,3.993581e-4,0.7151879819,0.1393392891
73.186461338,LA,62566,0.0337901962,4.9066714836,0.5911778808,0.0865403399,0.19,0.298,0.405,0.121,0.16,0.427,7.4,4.783457e-4,0.7362634736,0.1175110575
71.11736144,LA,52753,0.0416666667,6.4185303514,0.9951017251,0.1998450813,0.221,0.317,0.439,0.136,0.189,0.412,8.5,1.896544e-4,0.760761489,0.1546171322
74.077740485,LA,53711,0.0363590981,5.2632647537,0.5836262876,0.0873347251,0.204,0.303,0.391,0.126,0.173,0.387,8.3,4.195511e-4,0.7425390162,0.0869522354
72.958113719,LA,55872,0.0458338446,4.6674917492,0.8026584867,0.2109375,0.187,0.286,0.395,0.123,0.189,0.423,8.1,2.706811e-4,0.5576771432,0.0978183543
68.932705153,LA,45073,0.0427046263,5.6105504587,0.6878877692,0.1962927757,0.213,0.316,0.433,0.148,0.194,0.424,8.8,1.994106e-4,0.6938417087,0.1157724387
77.164651824,ME,73463,0.02865939,4.5052929872,0.8368800091,0.065243818,0.16,0.207,0.334,0.09,0.13,0.334,5.25,0.0010734219,0.7401801098,0.1183402974
74.996987652,ME,63456,0.0295966962,4.2942728335,0.8497686071,0.0896779521,0.164,0.223,0.364,0.094,0.138,0.378,5.1,7.385125e-4,0.6735717962,0.1233204007
74.99417416,ME,56361,0.0389587701,4.7850492511,0.8036717214,0.0757524518,0.189,0.266,0.417,0.1,0.162,0.391,5.7,0.0011217637,0.7438350627,0.106510317
79.543597172,ME,96255,0.0239970635,4.3191202101,0.8574085555,0.0545454545,0.125,0.181,0.294,0.074,0.106,0.309,7.6,0.0016577608,0.7037145297,0.126577504
76.241970091,ME,56509,0.0353853963,4.4283583802,0.7904837548,0.1349534643,0.161,0.226,0.334,0.082,0.136,0.371,5.4,0.0010442281,0.7700088304,0.0796779334
78.127151808,ME,72647,0.0323377889,4.5250136874,0.816197255,0.058984375,0.136,0.185,0.283,0.075,0.127,0.311,2.8,0.0010499715,0.7878921255,0.1144974947
76.132641394,ME,64643,0.0261452586,4.3027903599,0.8780785007,0.0370867595,0.163,0.224,0.336,0.086,0.136,0.358,6,0.0011085584,0.7275660042,0.1166724397
78.853132707,ME,74569,0.0278586279,3.9742756566,0.8529139524,0.1372110365,0.156,0.204,0.318,0.076,0.118,0.315,5.8,0.0010885341,0.8383433121,0.1121537087
76.083703251,ME,60220,0.0318950059,4.6389411718,0.8520136296,0.0766577233,0.202,0.266,0.367,0.091,0.146,0.343,5.1,6.651998e-4,0.8081370811,0.1221011947
75.248730081,ME,65215,0.0306417163,4.7175473171,0.8522255088,0.0401643085,0.177,0.233,0.388,0.088,0.143,0.363,4.6,0.0013550224,0.7028053544,0.1105721828
75.439627512,ME,51787,0.041971831,4.4359224537,0.7446011034,0.2297734628,0.158,0.235,0.358,0.089,0.162,0.355,4.7,5.825808e-4,0.7692023178,0.117413063
74.388435627,ME,56422,0.0417421224,4.4755497624,0.7878397052,0.0967296177,0.187,0.259,0.373,0.091,0.162,0.389,5.5,5.732132e-4,0.7726173198,0.1092391057
72.340642529,ME,48104,0.0412686567,5.3366798499,0.7834390139,0.0692464358,0.186,0.268,0.377,0.094,0.171,0.401,4.3,4.177244e-4,0.7805418543,0.1241134752
78.642641154,ME,85445,0.0259565233,3.9161519941,0.7951193714,0.0553898594,0.13,0.201,0.295,0.078,0.116,0.317,6.9,6.75704e-4,0.7613739612,0.1186038053
77.778577324,MD,98568,0.0212253561,4.6286695076,0.8650943996,0.0610251719,0.098,0.205,0.335,0.105,0.122,0.387,6.3,8.47833e-4,0.6748002787,0.1437019567
73.48711096,MD,54759,0.0280203903,4.8214301334,0.8066440979,0.0489386792,0.158,0.252,0.373,0.116,0.173,0.425,6.3,5.315301e-4,0.7032366234,0.1110165228
78.817704558,MD,116956,0.018370455,3.7078482589,0.820146171,0.0444908149,0.111,0.197,0.347,0.088,0.105,0.387,7.1,6.724984e-4,0.7496265686,0.1086672058
76.889873471,MD,86807,0.0218823044,4.4207173732,0.8569544348,0.0639051432,0.122,0.216,0.332,0.106,0.121,0.372,7.5,8.642249e-4,0.6633146651,0.149083826
78.668802593,MD,124486,0.0187890175,3.4777584222,0.7650031518,0.0560279049,0.107,0.181,0.339,0.092,0.095,0.369,6.2,4.790904e-4,0.8715544274,0.0966043936
78.239522776,MD,113885,0.0170637003,4.0115259677,0.8211060091,0.0410569534,0.119,0.202,0.315,0.085,0.114,0.351,7.9,4.42852e-4,0.8385496243,0.0928077588
73.702899116,MD,87592,0.0220263513,4.3233364574,0.7848880597,0.1155438464,0.155,0.239,0.376,0.107,0.137,0.388,5.6,3.945912e-4,0.7530618341,0.1198296527
76.714927876,MD,105141,0.02171808,3.5155249487,0.9272017135,0.0975946599,0.134,0.236,0.429,0.117,0.079,0.408,7.1,3.793762e-4,0.8123058523,0.1294071934
80.01802129,MD,114089,0.0195036629,3.6394800473,0.8087742312,0.0410460807,0.111,0.195,0.312,0.099,0.111,0.354,7.7,5.610449e-4,0.7703694245,0.1052804296
77.872771708,MD,104553,0.0197777051,4.1057411273,0.7833308045,0.0731231719,0.109,0.206,0.348,0.091,0.112,0.366,5.8,5.399712e-4,0.7971098324,0.1085724172
77.595857156,MD,97171,0.0224828738,3.9621172582,1.0735892002,0.0740674103,0.105,0.237,0.36,0.13,0.093,0.438,5.9,4.961761e-4,0.623382842,0.1693037834
79.611291636,MD,112527,0.0178034191,4.2485672617,0.7666923472,0.0848852317,0.134,0.233,0.327,0.086,0.115,0.346,6.3,3.14973e-4,0.8133625299,0.1225026288
76.953682296,MD,102345,0.0197497904,3.9400292448,0.7420115994,0.0442054958,0.131,0.224,0.352,0.108,0.118,0.377,6.3,3.669148e-4,0.7264691086,0.1091189276
74.507730598,MD,71685,0.0231367448,4.7108571429,0.8138295421,0.0820418029,0.162,0.266,0.423,0.111,0.151,0.41,6.6,5.486101e-4,0.6588847183,0.1278907582
74.909138131,MD,70975,0.025409254,4.3161349693,0.8268337205,0.0481605351,0.167,0.249,0.367,0.12,0.139,0.366,6.7,6.443547e-4,0.6068341909,0.1468583246
78.527657982,MD,75459,0.0332173981,4.3106856964,0.7727240302,0.0958435208,0.155,0.222,0.362,0.103,0.139,0.321,6.8,8.469472e-4,0.7674486927,0.1340411701
70.612938747,MD,58616,0.0291641601,6.4622551721,0.9559044815,0.085770947,0.166,0.272,0.385,0.138,0.155,0.421,6.5,0.0011587204,0.4751524293,0.2125694309
79.685330667,MA,99750,0.0336829833,5.4850809889,0.8379510347,0.0486408734,0.107,0.206,0.271,0.092,0.102,0.332,6.75,0.0010097752,0.6259747219,0.1641999792
79.492382397,MA,89448,0.0419334701,4.658597098,0.8103934854,0.084323317,0.109,0.177,0.265,0.072,0.091,0.325,5.9,8.99269e-4,0.8055272332,0.1653869932
77.651376502,MA,74535,0.0361783481,4.9951817933,0.7998364724,0.0579525553,0.131,0.228,0.289,0.081,0.112,0.382,7.8,0.0010959373,0.6996478936,0.1512422304
77.363279094,MA,81047,0.0409776802,5.383401387,0.8219649265,0.0563992845,0.146,0.238,0.33,0.096,0.114,0.353,6.3,5.050296e-4,0.6224881784,0.1629685595
79.665190533,MA,96303,0.0347461629,5.3974760004,0.784139551,0.0532970703,0.12,0.204,0.308,0.085,0.101,0.367,5.6,7.409482e-4,0.6396065145,0.1823971807
79.295952345,MA,71256,0.0285405623,4.4994145395,0.9231285404,0.0727466288,0.105,0.165,0.258,0.072,0.116,0.342,8.4,6.336689e-4,0.6873452283,0.1663516684
76.294570856000007,MA,67155,0.0425680803,5.5477647059,0.8570308223,0.0924314244,0.173,0.311,0.359,0.112,0.133,0.395,8.6,0.00066563220000000005,0.6222064196,0.1662197942
80.185190071,MA,80839,0.029490221,4.835768039,0.9422978952,0.0190146932,0.126,0.202,0.277,0.083,0.093,0.336,6.8,0.0012811626,0.6878581836,0.1408738396
81.54482622,MA,123288,0.0286262274,4.9388341056,0.8119465322,0.0359800895,0.085,0.156,0.221,0.071,0.083,0.313,6.7,0.0012460195,0.6163258255,0.1502462217
78.783263559,MA,107828,0.0353212544,4.7315361555,0.825463457,0.0532305297,0.131,0.198,0.302,0.08,0.076,0.36,7.6,6.341428e-4,0.7762133386,0.1539729306
80.102604018,MA,91386,0.0323119985,7.6494989074,0.9175643216,0.0357849037,0.125,0.247,0.28,0.102,0.122,0.347,8.5,0.0015740783,0.3660579048,0.2119617317
78.754918404,MA,93561,0.0349672565,4.9909919777,0.8098527517,0.0491680887,0.138,0.225,0.327,0.093,0.101,0.353,8.1,9.338433e-4,0.6566658565,0.1478484816
76.236466789,MI,69097,0.0390352307,4.6084211918,0.7836631772,0.0699928116,0.16,0.228,0.346,0.099,0.142,0.364,6.7,7.835189e-4,0.7292164583,0.1251479749
77.553383824,MI,78772,0.0341156657,3.7215470499,0.7714285714,0.0759863614,0.166,0.232,0.316,0.091,0.121,0.316,6,2.06697e-4,0.8605504179,0.0713076113
77.025876616,MI,53480,0.045441656,4.7065197344,0.8704599555,0.080604534,0.202,0.256,0.387,0.097,0.176,0.35,6.1,7.614301e-4,0.7942516099,0.0916409172
78.77828533,MI,72369,0.0535611442,3.8457878198,0.7249822912,0.1157786885,0.131,0.186,0.348,0.081,0.14,0.322,6.6,6.719019e-4,0.8700380642,0.0894119836
77.898107168,MI,75377,0.0354161015,3.7427519305,0.8112070602,0.0711513583,0.137,0.197,0.338,0.082,0.125,0.333,7.7,3.016256e-4,0.8610348642,0.0975782585
75.148229796,MI,59523,0.0492809435,4.3800434164,0.7653753267,0.0469336671,0.147,0.201,0.372,0.088,0.162,0.332,4.7,4.46667e-4,0.7636084333,0.1039914045
75.975996443,MI,62758,0.042089966,4.8312681944,0.76708828,0.068644406,0.171,0.249,0.4,0.099,0.149,0.39,8.8,7.968596e-4,0.727576943,0.1334831751
76.063902228,MI,57641,0.0388627936,3.8711555322,0.7923792662,0.090473911,0.196,0.266,0.396,0.101,0.153,0.36,8,3.556741e-4,0.7749084033,0.099969447
73.577767444,MI,58617,0.0434156911,4.4370967742,0.8262065783,0.0819251048,0.182,0.261,0.389,0.105,0.151,0.355,8,5.754041e-4,0.7241301866,0.1189465228
76.09176432,MI,68720,0.0443244135,4.6404279835,0.7950534081,0.0628425283,0.18,0.233,0.351,0.094,0.146,0.358,8.7,2.136628e-4,0.8054435962,0.106620003
78.010469213,MI,78405,0.0456899178,3.9953370675,0.6987475989,0.0729991205,0.182,0.239,0.366,0.091,0.133,0.375,6.5,8.433643e-4,0.8271413407,0.0874718304
75.394751662,MI,61488,0.081987697,4.1994768828,0.8267488432,0.1421800948,0.173,0.235,0.368,0.096,0.17,0.34,6.1,5.436471e-4,0.8501440922,0.1027965284
77.19160878,MI,59852,0.0591075795,4.2388588331,0.9143108063,0.078338591,0.201,0.248,0.393,0.106,0.174,0.355,5.8,7.062147e-4,0.7372178553,0.103375686
73.673931039,MI,47793,0.0631206868,4.1291043109,0.7388096589,0.1492537313,0.201,0.26,0.423,0.103,0.206,0.349,6.9,2.897151e-4,0.8619753086,0.1130730051
79.857388417,MI,91911,0.0333135603,3.9948510574,0.7743729166,0.0396659708,0.126,0.182,0.359,0.079,0.122,0.3,7.5,3.021681e-4,0.8279683209,0.083670759
77.066233764,MI,73130,0.0361206306,3.591507899,0.8483828456,0.0776903894,0.136,0.21,0.349,0.087,0.128,0.328,7.8,3.30445e-4,0.7423695002,0.099257198
73.085697666,MI,60192,0.0496566211,4.5597836366,0.7614617287,0.0705726378,0.16,0.239,0.391,0.104,0.16,0.393,6.1,8.287812e-4,0.7084297521,0.1343150962
73.981412551,MI,51395,0.0586759313,4.2452881514,0.7991885322,0.0961702128,0.188,0.24,0.381,0.096,0.168,0.347,6.5,1.569551e-4,0.8710669078,0.1040081648
75.506616283,MI,60251,0.0437252827,3.9881496881,0.7411816177,0.0562805873,0.158,0.212,0.356,0.095,0.153,0.332,6.9,4.814173e-4,0.7885052719,0.0974537201
75.33581386,MI,58676,0.0424175081,3.980534406,0.7427718105,0.1094946401,0.202,0.264,0.368,0.098,0.156,0.35,8,1.976024e-4,0.8101691119,0.1027136259
77.62116067,MI,56074,0.0462822458,5.1083206038,0.7953634695,0.0431578947,0.159,0.213,0.342,0.093,0.15,0.309,4.9,6.968081e-4,0.7120202091,0.1133134154
75.426501713,MI,63483,0.0386104426,4.9069829323,0.8622695293,0.0289414625,0.145,0.202,0.34,0.092,0.149,0.354,7,0.0011547913,0.5954738088,0.153787832
77.462451535,MI,70177,0.0361877577,3.6853643786,0.8214439192,0.057433443,0.175,0.236,0.387,0.097,0.133,0.359,7.5,2.529875e-4,0.7724623815,0.0871022524
74.914330295,MI,53213,0.0451549313,5.223787696,0.7983245717,0.0653840138,0.184,0.257,0.385,0.105,0.176,0.356,6.8,4.937281e-4,0.6127415604,0.1751334668
75.056371108,MI,64070,0.0402557015,4.0622025493,0.8251639714,0.0706124021,0.199,0.255,0.397,0.1,0.143,0.422,8.2,4.311153e-4,0.7504916659,0.1155887395
77.111987178,MI,67671,0.0367703001,4.6701393497,0.838532399,0.0627960482,0.156,0.229,0.357,0.091,0.135,0.295,7.7,9.880969e-4,0.6395045694,0.1313977186
78.461954322,MI,79715,0.0318217003,4.0641145176,0.8092214033,0.0668694754,0.156,0.225,0.335,0.096,0.124,0.329,7.8,9.361048e-4,0.7035745115,0.1093902147
75.825929403,MI,71515,0.0410889902,3.9100200512,0.6716030557,0.1258907363,0.178,0.247,0.355,0.094,0.134,0.357,7.4,3.615288e-4,0.8597697149,0.0951462648
80.922443806,MI,91727,0.0377779846,3.9691867477,0.9109986823,0.1643835616,0.11,0.165,0.312,0.077,0.118,0.299,6.3,4.42028e-4,0.9056044072,0.1036578747
76.042132199,MI,65707,0.0418089844,3.8676113233,0.81991345,0.0742659758,0.167,0.248,0.424,0.094,0.138,0.377,8.2,2.22321e-4,0.7863787461,0.1190312517
79.679314092,MI,103737,0.0273142406,3.795546728,0.7255717256,0.0513893359,0.135,0.192,0.354,0.076,0.101,0.322,8.6,4.922723e-4,0.8661815589,0.0797337753
76.277484881,MI,73929,0.035132204,4.1386548539,0.7511157938,0.0710440813,0.191,0.262,0.367,0.097,0.126,0.39,6,5.428882e-4,0.7495553074,0.1254421559
75.208217858,MI,57434,0.057349834,3.7954924295,0.8559624015,0.1405228758,0.174,0.229,0.38,0.089,0.153,0.339,5.1,5.128205e-4,0.8586788067,0.089351529
78.006929841,MI,62319,0.0461936663,4.2279029463,0.7955562864,0.0441001192,0.159,0.214,0.32,0.089,0.15,0.311,5.6,0.0011497209,0.7122673647,0.1148161631
76.292141355,MI,59260,0.053314349,4.1222906596,0.8097481178,0.0710359408,0.198,0.246,0.334,0.101,0.166,0.359,6.9,4.746322e-4,0.7591343796,0.12131815
79.029114555,MI,73722,0.0396942076,4.9064879977,0.7855046574,0.0729817546,0.154,0.213,0.311,0.084,0.137,0.306,6.5,0.0010065063,0.7824491447,0.1074311981
76.411640274,MI,73617,0.0419170944,4.3833217596,0.7413180319,0.0395128552,0.183,0.243,0.38,0.098,0.14,0.368,9.1,3.542126e-4,0.8115951303,0.1032939024
75.970267121,MI,64912,0.0426871216,3.6994669404,0.7666573842,0.0662774725,0.209,0.256,0.392,0.098,0.147,0.373,7.3,3.12407e-4,0.8218026746,0.099128216
75.080422899,MI,61223,0.0444934476,4.122372857,0.8093628467,0.0747119881,0.204,0.261,0.43,0.112,0.141,0.393,7.3,5.608716e-4,0.7826469186,0.1172901767
76.582708505,MI,61951,0.0429648241,4.0616748056,0.7620105181,0.0927357032,0.188,0.262,0.392,0.098,0.162,0.337,7.1,3.578813e-4,0.8640621783,0.0943526905
79.092645331,MI,92230,0.0291540019,4.6190042128,0.7066508708,0.0542134551,0.123,0.189,0.297,0.079,0.11,0.321,7.5,0.0013779343,0.7226607349,0.1193694302
76.90794955,MI,61907,0.0572995781,3.8042550308,0.8716624812,0.0798387097,0.18,0.249,0.379,0.1,0.164,0.333,6.8,4.848033e-4,0.8512735435,0.1017444792
73.561395548,MI,51390,0.066224381,4.44848539,0.8497548692,0.2192393736,0.205,0.269,0.383,0.099,0.188,0.394,6.2,1.447457e-4,0.8252576189,0.1200823422
76.861498378,MI,55388,0.0475262003,4.0391173901,0.8317190823,0.1568981064,0.199,0.255,0.387,0.098,0.167,0.36,6.8,3.029647e-4,0.8370811287,0.1030067452
80.078677619,MI,81772,0.0304135245,3.8452581884,0.7437516178,0.0319026633,0.148,0.201,0.359,0.081,0.109,0.296,7.4,6.618598e-4,0.7849735046,0.0934346695
74.489371895,MI,59188,0.0518650299,4.7617167036,0.7779618748,0.0661911555,0.205,0.287,0.43,0.111,0.165,0.369,6.6,8.6502e-4,0.7352099606,0.1207586289
75.021444895,MI,68831,0.0379681089,4.0792154622,0.741638452,0.0736684918,0.16,0.235,0.408,0.096,0.144,0.361,6.8,4.373551e-4,0.8054129515,0.110888239
74.905863803,MI,65540,0.0436452997,4.0058405195,0.6956581361,0.0733070348,0.215,0.296,0.374,0.105,0.153,0.364,8.4,2.797985e-4,0.7515036002,0.0952047296
75.282169753,MI,57382,0.0484628199,3.9595307709,0.8008990201,0.135783563,0.226,0.287,0.385,0.101,0.166,0.342,6.9,3.209401e-4,0.8165148129,0.0942706461
76.034603429,MI,63988,0.0433549312,4.1123097086,0.7945652547,0.0555555556,0.168,0.226,0.361,0.091,0.147,0.359,7.3,3.683133e-4,0.7931421537,0.1123712104
75.269704214,MI,64273,0.0500020765,3.8134749304,0.814231738,0.0467762326,0.207,0.261,0.394,0.103,0.157,0.369,6.4,3.023603e-4,0.8520864382,0.0925270309
75.527953659,MI,66174,0.0472748749,4.291915013,0.7465713166,0.0667227362,0.203,0.271,0.395,0.103,0.15,0.35,8,5.022602e-4,0.8045579881,0.1169900059
80.475429704,MI,84704,0.0329107122,5.0229767968,0.7556451908,0.0350660357,0.121,0.173,0.301,0.085,0.125,0.287,8.3,0.0017759008,0.6163102321,0.1612836766
72.937655588,MI,57418,0.0435139412,5.6705280782,0.8260982923,0.1077225607,0.188,0.246,0.367,0.116,0.154,0.421,10.7,7.014812e-4,0.6447798387,0.168806638
74.901826048,MI,59697,0.0476033494,4.1023255814,0.8350455962,0.1325930764,0.193,0.234,0.382,0.096,0.158,0.341,6.8,8.55432e-4,0.8137473935,0.093126726
79.269990218,MN,85070,0.0281361101,4.2465619114,0.8323045845,0.0457318502,0.134,0.199,0.336,0.09,0.094,0.303,6,8.818392e-4,0.7238536518,0.1131029169
79.860061297,MN,96661,0.0275912825,3.549591378,0.8400985042,0.0418622215,0.116,0.19,0.359,0.086,0.072,0.301,6.2,4.713665e-4,0.7996416271,0.0993917519
77.87417194,MN,71719,0.0298262697,4.0135893739,0.8386326419,0.0762260128,0.155,0.203,0.393,0.089,0.107,0.295,4.2,7.950254e-4,0.7780477645,0.1069173364
74.051535092,MN,65855,0.0349058852,4.1164399431,0.9228503296,0.044567339,0.177,0.203,0.411,0.104,0.129,0.327,5.7,0.0010780509,0.6947174447,0.111857594
76.279094311,MN,75512,0.0369024639,3.5956996551,0.764911866,0.0700056915,0.158,0.186,0.412,0.091,0.115,0.36,1.3,8.789036e-4,0.7935156026,0.09320788
82.334228571,MN,129437,0.0244616594,3.9064472695,0.7740872998,0.0585097516,0.11,0.167,0.331,0.073,0.06,0.264,7,8.469427e-4,0.8171310681,0.0782549695
74.649470253,MN,61490,0.0439523682,4.1453986526,0.7770221842,0.0613772455,0.182,0.243,0.381,0.098,0.115,0.379,4.4,2.937433e-4,0.8489974937,0.1114075511
78.651156201,MN,74540,0.0343200849,3.9125117592,0.7743010735,0.0474123539,0.17,0.206,0.386,0.089,0.108,0.309,4.2,0.0010108518,0.7737160331,0.1074085941
80.906074817,MN,100012,0.0255124032,3.830480898,0.8238066811,0.0299465241,0.113,0.176,0.329,0.089,0.071,0.285,7.6,6.040205e-4,0.7535221115,0.1004567825
78.081512369,MN,66215,0.0272595942,4.3309854244,0.7550333388,0.1133786848,0.176,0.268,0.406,0.104,0.1,0.343,6.7,6.504277e-4,0.7932479627,0.0899407336
79.466692509,MN,93642,0.0258148241,4.5804699889,0.8463678666,0.0446945815,0.121,0.167,0.274,0.079,0.087,0.282,8.7,0.0012024466,0.6295136492,0.1338497383
76.459930118,MN,65386,0.0460039524,4.3795356079,0.7469050472,0.1037780966,0.152,0.181,0.346,0.084,0.122,0.288,4.8,0.0010206346,0.8194489465,0.1299917378
68.521359257,MN,54177,0.04743255,5.1019289883,0.9698688879,0.167721519,0.262,0.297,0.443,0.133,0.157,0.359,5.3,1.847063e-4,0.7247461251,0.1259754738
81.432006109,MN,69843,0.0419812189,3.5906027074,0.8147193538,0.1322869955,0.175,0.228,0.422,0.09,0.093,0.317,6.3,1.112595e-4,0.8524064171,0.0715877437
73.887673018,MN,70512,0.0505578529,4.2868088159,0.7859200105,0.0590038314,0.198,0.24,0.426,0.099,0.119,0.346,6,6.327465e-4,0.777167334,0.1124164279
80.991035339,MN,89431,0.0213808269,4.1464228603,0.8575723816,0.0707707834,0.126,0.179,0.354,0.087,0.08,0.305,5.6,0.0023128319,0.7071245254,0.1004555739
78.932076123,MN,69107,0.0327972648,4.1550268611,0.792165256,0.0319970577,0.197,0.267,0.382,0.101,0.098,0.337,5.8,5.329248e-4,0.7916286089,0.0949265523
76.855687285,MN,69619,0.0488970839,4.0840753368,0.7984772742,0.0713760118,0.171,0.223,0.389,0.096,0.117,0.333,5.4,1.706368e-4,0.8266599513,0.1154986053
76.902639501,MN,68136,0.0292235757,4.7644864375,0.7549752377,0.0529875986,0.15,0.205,0.388,0.093,0.111,0.331,6.6,5.527197e-4,0.7211600257,0.1112130054
77.62159982,MN,77764,0.0268827521,4.4239720714,0.896792837,0.0564301284,0.158,0.23,0.326,0.098,0.105,0.301,7.9,0.0011007681,0.6103115371,0.1425871756
76.834821821,MN,67311,0.0320061439,4.561185798,0.7712951812,0.0370213487,0.169,0.205,0.367,0.092,0.115,0.345,7.3,0.0012350514,0.7197092646,0.1192514197
81.083259873,MN,111370,0.0253282308,3.6856391082,0.8054215484,0.0245901639,0.14,0.199,0.336,0.084,0.062,0.282,5.8,4.893389e-4,0.8430251853,0.0837478807
79.371317591,MN,101487,0.031734469,3.3393479639,0.7979157714,0.0409174312,0.149,0.209,0.377,0.086,0.072,0.293,6.7,3.734582e-4,0.8424651655,0.0922748021
80.018256762,MN,75116,0.0278922872,4.1937758838,0.8217235366,0.0432852386,0.154,0.201,0.384,0.096,0.102,0.313,5.8,9.751678e-4,0.6781430001,0.1225916511
80.883770295,MN,60951,0.0359059916,3.7493572395,0.7945103165,0.125115848,0.173,0.236,0.405,0.095,0.109,0.314,5.6,8.321116e-4,0.8306299134,0.0883015775
81.281824463,MN,111118,0.0243852206,3.722756294,0.8067768614,0.0300496102,0.091,0.146,0.309,0.071,0.065,0.257,7.8,0.0010431359,0.8115094139,0.0998777566
80.206353745,MN,71907,0.0234951184,4.2927756654,0.8202416918,0.0803141627,0.164,0.213,0.348,0.089,0.099,0.301,7.7,3.626839e-4,0.6875,0.1156373852
80.004268626,MN,104303,0.0293268422,3.2954446196,0.8271524239,0.0363304982,0.14,0.184,0.372,0.085,0.068,0.313,6.2,3.935241e-4,0.8425611767,0.0803979564
71.920237836,MS,54386,0.0317543737,5.3399248473,0.7623439433,0.0843663048,0.181,0.309,0.401,0.138,0.188,0.386,8.7,5.332267e-4,0.6947488867,0.1312594172
71.041332601,MS,44385,0.0441219441,6.691554559,0.8949391833,0.1924233313,0.189,0.333,0.436,0.16,0.195,0.404,7.7,7.654304e-4,0.6645640715,0.1350552802
72.454017777,MS,52673,0.0332619236,4.9795108283,0.7432567009,0.2388185654,0.214,0.355,0.426,0.16,0.162,0.432,9,3.776639e-4,0.70716873710000006,0.1412050257
65.288146971,MS,35552,0.0492658158,5.908523461,0.7020993344,0.1140651801,0.24,0.415,0.484,0.19,0.223,0.47,8.7,4.324844e-4,0.5197920359,0.1501252142
73.854833863,MS,81956,0.0277218844,4.0685526243,0.8192808584,0.0709577356,0.148,0.279,0.396,0.113,0.134,0.379,8.2,2.597637e-4,0.7779652949,0.1184714497
72.963807822,MS,56692,0.0294479657,4.7525697504,0.7840500241,0.0648893826,0.182,0.284,0.347,0.123,0.194,0.411,9.6,5.587499e-4,0.6058930726,0.1484520462
70.805680637,MS,50965,0.0308530665,4.8573503074,0.8369900794,0.0999485937,0.207,0.358,0.47,0.161,0.161,0.441,10.2,8.936631e-4,0.5788452965,0.1675276148
72.914273841,MS,56977,0.0294417278,4.2423320847,0.6431191225,0.1804733728,0.199,0.291,0.378,0.114,0.163,0.331,8,1.677993e-4,0.7933651344,0.0721894832
73.521179921,MS,66751,0.0326631442,4.617359691,0.7265176884,0.1144285328,0.17,0.265,0.384,0.114,0.188,0.382,8.7,4.583747e-4,0.7197117155,0.122442989
70.949463437,MS,39794,0.0400311931,4.828456052,1.1906901892,0.322519084,0.204,0.349,0.438,0.156,0.182,0.416,9.2,2.694449e-4,0.81724846,0.1563565514
71.501944714,MS,50310,0.031637469,5.3251370096,0.6735751295,0.1145488899,0.164,0.292,0.434,0.126,0.19,0.322,9.8,4.944265e-4,0.737804878,0.1242308189
77.235803658,MS,63079,0.0245722086,4.5687415738,0.7210967375,0.1287318543,0.17,0.273,0.395,0.114,0.173,0.387,9,0.0012394228,0.6812756955,0.1033576642
71.261934317,MS,51437,0.0322259373,6.2618466899,0.7446432823,0.0834028357,0.205,0.323,0.393,0.143,0.202,0.422,9.2,0.0010126512,0.6322628095,0.1672040022
76.909514273,MS,70794,0.0232329069,3.9890739847,0.824404416,0.0804276516,0.161,0.267,0.363,0.106,0.143,0.388,10.1,5.629491e-4,0.7761639608,0.1031755583
72.779416847,MS,53814,0.0282975104,5.2908036454,0.6728684181,0.368286445,0.221,0.347,0.42,0.135,0.184,0.407,9.1,7.04672e-5,0.8634426533,0.0923199363
67.22351604,MS,43980,0.0460597826,6.4961319515,0.9405670665,0.1626686657,0.228,0.389,0.475,0.174,0.197,0.423,9,3.543028e-4,0.5629188384,0.138628649
70.926672633,MS,55783,0.0343072273,5.4855443293,0.7302921303,0.1335910653,0.179,0.305,0.418,0.132,0.173,0.382,8.7,6.654581e-4,0.7120599429,0.1220668997
66.902160964,MS,39081,0.0494435836,5.5293531015,0.748580846,0.0684150513,0.19,0.34,0.446,0.161,0.22,0.428,8.9,4.120219e-4,0.5675393278,0.2115754828
75.219418849,MO,68484,0.0305012608,4.5234683878,0.7931621952,0.0722849723,0.178,0.242,0.367,0.101,0.15,0.377,7.5,7.039346e-4,0.6793500089,0.1151991729
73.874298639,MO,55957,0.033467617,4.4007869124,0.7685791518,0.1274647887,0.262,0.325,0.402,0.114,0.174,0.417,7.8,4.002882e-4,0.7273940607,0.0906938196
74.536059091,MO,53303,0.0349112851,4.15296143,0.7861958799,0.0831325301,0.212,0.299,0.384,0.107,0.173,0.376,8.3,7.490205e-4,0.7490269461,0.0953424658
78.245289885,MO,70153,0.0247571232,5.0207401529,0.8420102367,0.0431634834,0.15,0.209,0.331,0.096,0.141,0.339,7.9,0.001183814,0.5811624314,0.151233049
73.435249798,MO,60575,0.0287254833,4.8145854398,0.9094657513,0.1014835519,0.202,0.262,0.401,0.11,0.166,0.399,8.2,6.559097e-4,0.6489610156,0.1425648022
70.149713513,MO,48059,0.0437064932,4.7277785913,0.7413616586,0.1045109424,0.229,0.306,0.412,0.112,0.195,0.396,8.1,9.500962e-4,0.6499090358,0.1099011771
76.804762824,MO,63903,0.0376596832,4.5300395687,0.7861537598,0.1718924972,0.205,0.247,0.335,0.097,0.156,0.376,7.3,7.597385e-4,0.8311589983,0.1175868505
75.811117752,MO,67445,0.0274292743,4.4279601596,0.751201648,0.0619248466,0.22,0.27,0.407,0.105,0.144,0.393,9,9.011971e-4,0.6595071288,0.1215708558
77.048154193,MO,85283,0.0296588068,3.7511284008,0.7601883376,0.0440414508,0.162,0.234,0.351,0.09,0.121,0.393,6.2,2.46265e-4,0.7589279384,0.085056312
78.025096999,MO,84816,0.0270945276,3.6469492878,0.8065852789,0.0526111284,0.173,0.216,0.352,0.096,0.124,0.339,6.2,5.9487e-4,0.6887573262,0.1018230816
74.888642033,MO,70389,0.0280807438,3.8623477004,0.7705644894,0.0979682157,0.174,0.245,0.388,0.093,0.129,0.345,8.4,5.986829e-4,0.7639529657,0.0909222633
75.043830683,MO,59740,0.02553178,4.3066584748,0.8092305943,0.1010269883,0.167,0.234,0.345,0.095,0.155,0.376,7.5,9.339737e-4,0.5685911258,0.1352820836
74.755235642,MO,66102,0.0337644033,4.6029503428,0.8278445552,0.076304422,0.158,0.217,0.388,0.107,0.141,0.348,10.1,8.43956e-4,0.5884892609,0.1415683057
73.82333577,MO,55152,0.0300046882,4.5302350694,0.7570304142,0.0505719446,0.211,0.271,0.358,0.107,0.173,0.411,9.1,8.201047e-4,0.6321872351,0.1228328073
74.981077165,MO,81517,0.0281747994,3.7217211375,0.7265815543,0.0381735835,0.198,0.255,0.391,0.094,0.127,0.374,7.6,2.546417e-4,0.8143866705,0.0853035369
75.531424261,MO,68326,0.0326053923,3.5126698169,0.8406202843,0.0511305242,0.178,0.236,0.4,0.101,0.138,0.385,7.2,3.508772e-4,0.6386363636,0.0957072833
72.262874964,MO,52211,0.0324253442,4.0871902183,0.7794368871,0.1161487519,0.238,0.301,0.441,0.111,0.172,0.401,7.2,5.535106e-4,0.7010309278,0.0947307803
73.599512688,MO,58128,0.0309079202,4.5087386645,0.8515273064,0.0861176471,0.205,0.276,0.419,0.108,0.16,0.397,8.3,3.914303e-4,0.7279842112,0.099616041
75.723256585,MO,79954,0.0312806466,3.6463290512,0.6461255989,0.1605476042,0.189,0.259,0.413,0.095,0.139,0.391,7.8,4.87124e-5,0.7833630687,0.0910087719
72.2061914,MO,54452,0.0325511644,4.2789057854,0.7958303871,0.1369095276,0.252,0.327,0.412,0.127,0.164,0.415,9,8.55322e-5,0.6783364662,0.0889055848
73.866151018,MO,60780,0.0311724339,4.17150705,0.7060937238,0.1115511551,0.217,0.271,0.361,0.103,0.153,0.409,7.9,0.0010169016,0.6981249445,0.1008520096
73.827893881,MO,52072,0.0373409442,5.0379771456,0.9496279826,0.363372093,0.234,0.29,0.431,0.112,0.186,0.407,7.3,2.806492e-4,0.7972676263,0.1175644626
74.313504961,MO,63292,0.03024401,3.6741468426,0.7667530477,0.1267414203,0.18,0.251,0.369,0.099,0.153,0.381,9.2,1.178729e-4,0.768474914,0.0735034803
74.6678121,MO,55021,0.0311768514,3.8776209401,0.7240260951,0.0503018109,0.194,0.27,0.39,0.104,0.158,0.386,7.2,5.557099e-4,0.7011867509,0.0946942229
73.729049851,MO,71856,0.0362541898,3.8537609899,0.8949340858,0.1415137968,0.18,0.242,0.354,0.105,0.159,0.426,7.3,2.787275e-4,0.5940732627,0.105469491
73.668217979,MO,59692,0.0350527783,3.8628954568,0.7709172169,0.1004291845,0.215,0.302,0.416,0.109,0.171,0.4,7.4,2.827141e-4,0.7036316472,0.0776989581
79.082650235,MO,98765,0.0254817729,3.586853989,0.7740491601,0.0338460055,0.158,0.215,0.361,0.085,0.101,0.406,9.4,4.683144e-4,0.8069283221,0.0769260275
76.345893331,MO,81631,0.0295369903,4.6693080357,0.7625267926,0.0598402951,0.166,0.233,0.334,0.102,0.115,0.35,7.7,0.0012144162,0.6904390472,0.1242112525
73.74249574,MO,52078,0.038569033,3.7850082994,0.7071186075,0.320855615,0.198,0.251,0.398,0.095,0.156,0.387,7.4,2.484472e-4,0.7897681855,0.0478547855
74.928963239,MO,54514,0.0490532567,4.3352501438,0.8014938937,0.0723146747,0.217,0.298,0.392,0.11,0.177,0.384,8.1,7.980563e-4,0.6690449311,0.1208263384
72.565124174,MO,53602,0.0345866339,3.9976178941,0.857957591,0.1846289753,0.231,0.299,0.413,0.107,0.178,0.397,7.7,2.551671e-4,0.7260396673,0.0939465409
74.744101648,MO,69841,0.0273603947,3.833605167,0.650751329,0.1927985415,0.193,0.265,0.386,0.103,0.154,0.378,7.6,3.775009e-4,0.765835212,0.0761190638
71.5212902,MO,55231,0.0368469963,5.9894306868,0.8499263278,0.0654116146,0.185,0.254,0.367,0.12,0.159,0.372,10.3,9.682588e-4,0.4535202492,0.176380191
76.856170738,MT,70939,0.0288938706,4.3929053276,0.7878767515,0.0755195414,0.16,0.185,0.308,0.071,0.117,0.329,5.6,8.331288e-4,0.6942297369,0.1243818664
64.603903774,MT,51259,0.0435729847,4.8380728879,0.98332211,0.1145251397,0.234,0.29,0.414,0.124,0.166,0.367,6.6,5.402485e-4,0.6824708751,0.0624066886
69.954691693,MT,56865,0.0357798165,5.7151303148,0.8916395604,0.3273137698,0.218,0.261,0.414,0.113,0.164,0.323,6,5.730659e-4,0.6316935133,0.1125730994
77.399583009,MT,74150,0.0347499675,4.2017639542,0.8397138576,0.0614141414,0.17,0.214,0.302,0.07,0.1,0.32,6.9,9.220499e-4,0.740428755,0.1432311321
81.959516956,MT,90942,0.0209886426,4.1611572314,0.8236875513,0.0379016393,0.123,0.157,0.237,0.066,0.09,0.289,2.3,7.823132e-4,0.6152185645,0.1463145189
66.896537593,MT,51416,0.0542757417,7.5037389056,0.867461647,0.3385620915,0.304,0.325,0.362,0.142,0.194,0.403,6.4,7.979688e-4,0.6487781505,0.1144291092
72.943315083,MT,51435,0.0248138958,4.0123182332,0.7518324607,0.1475903614,0.201,0.251,0.349,0.095,0.125,0.36,5.8,6.798937e-4,0.6681657565,0.1126056217
78.569755887,MT,72882,0.0285032883,4.5136410991,0.8236722996,0.0547554993,0.138,0.175,0.292,0.071,0.112,0.279,8.7,0.0011544929000000001,0.5965686844,0.1452653239
74.112969697,MT,58406,0.0336573174,4.9340883855,0.7238549587,0.161311054,0.153,0.219,0.298,0.081,0.135,0.328,6.5,7.907147e-4,0.7048934645,0.1501788663
75.909624386,MT,70221,0.0260401315,4.2213964231,0.7296458562,0.0710965959,0.174,0.215,0.346,0.082,0.105,0.356,7.1,0.0010769028,0.6931227624,0.1136932375
78.092409559,NE,74727,0.022569665,4.2099967057,0.7980958847,0.0428271366,0.136,0.241,0.356,0.097,0.136,0.315,6,7.445159e-4,0.6654123538,0.1121969972
77.726567974,NE,77747,0.0256337421,4.4764810134,0.8318881161,0.0550822657,0.141,0.243,0.358,0.1,0.131,0.322,7.3,0.0010871646,0.6174578867,0.1312784344
79.089157566,NE,71171,0.0211593358,4.1705197079,0.8030869743,0.0248639105,0.137,0.211,0.331,0.092,0.134,0.303,6.5,6.933445e-4,0.5884217854,0.125562271
75.169047724,NE,63632,0.021607794,4.2482599458,0.6419013678,0.1027253669,0.187,0.271,0.394,0.113,0.147,0.372,5.9,5.273489e-4,0.6415495372,0.1090650551
79.854859618,NE,101902,0.0219981576,3.5827514896,0.8070532807,0.0511159107,0.129,0.239,0.384,0.1,0.109,0.337,7.8,4.963344e-4,0.7061697472,0.0935312003
76.424167834,NV,76332,0.0514104122,4.4127192314,0.8503377972,0.0982007892,0.149,0.257,0.339,0.088,0.144,0.393,8.15,5.671136e-4,0.5931368531,0.1713549241
76.641728428,NV,75103,0.0543172189,4.4635605966,0.8762410777,0.1036390527,0.157,0.27,0.328,0.103,0.146,0.414,12.1,5.461344e-4,0.5704833026,0.1845754765
73.321667668,NV,63071,0.0641102784,4.5378945744,1.0004641147,0.1786703601,0.206,0.277,0.32,0.107,0.173,0.386,7.4,2.43218e-4,0.7523128105,0.1314949755
76.81153373,NV,84282,0.0407151722,4.2043099107,0.8406550936,0.0797520315,0.154,0.21,0.298,0.096,0.129,0.387,11.2,7.884198e-4,0.5947426236,0.1460677083
73.358342719,NV,72823,0.0448919978,4.1106395109,0.8764034431,0.1385838697,0.172,0.244,0.326,0.099,0.141,0.362,8.5,6.441442e-4,0.6320818535,0.1417255037
78.936114195,NH,97031,0.0220074907,4.2636866975,0.7877139551,0.0422027866,0.115,0.19,0.3,0.081,0.097,0.338,5.45,8.704154e-4,0.7250964284,0.1241075652
80.100992365,NH,81537,0.0194190837,4.8454221524,0.8736774213,0.0458929165,0.128,0.17,0.288,0.076,0.107,0.327,4.4,0.0018871813,0.7096407899,0.1406165495
78.599450373,NH,103181,0.0230469093,4.0732517976,0.7678359816,0.0515112604,0.103,0.176,0.298,0.077,0.095,0.344,3.4,8.347501e-4,0.6753332697,0.122599767
78.964509444,NH,91357,0.0190337284,4.2298130494,0.8013951638,0.0521233131,0.121,0.19,0.307,0.079,0.098,0.33,5.7,9.855834e-4,0.7349822152,0.1084952394
80.501326258,NH,109660,0.0230404421,3.8784807265,0.7790647596,0.0218399829,0.127,0.177,0.317,0.075,0.081,0.346,6.9,7.856203e-4,0.7861645654,0.1183398631
79.040609766,NJ,99716,0.0442988583,5.0725499465,0.8172387547,0.0513492582,0.107,0.228,0.29,0.095,0.107,0.379,8.1,7.817954e-4,0.636933838,0.1724470724
75.650724835,NJ,75904,0.0586710669,4.7880552374,0.8496593051,0.0668507896,0.134,0.254,0.332,0.1,0.122,0.391,6.9,7.164522e-4,0.6783611745,0.1838712124
81.874845161,NJ,116157,0.0386219366,4.8161118059,0.8030232212,0.0359256859,0.094,0.209,0.258,0.084,0.089,0.396,9.5,0.0011343871,0.6536043724,0.1766191656
78.905082247,NJ,102384,0.0394878199,4.0767525688,0.8161763812,0.056457815,0.112,0.19,0.326,0.084,0.079,0.347,8.3,7.581811e-4,0.7573304704,0.1339370747
76.162455316,NJ,82678,0.0482825042,5.0863357434,0.8358120335,0.0556750299,0.133,0.247,0.328,0.101,0.113,0.408,8.7,9.851634e-4,0.6502998968,0.168383286
76.63584611,NJ,81007,0.0762336458,4.6065709627,0.8583711093,0.0671532847,0.143,0.215,0.317,0.085,0.119,0.346,7.3,5.331326e-4,0.7928959409,0.1563514893
73.739829941,NJ,64240,0.0648066093,5.0498636241,0.8866019569,0.1372334609,0.169,0.28,0.368,0.113,0.131,0.434,8.3,3.905563e-4,0.6555182692,0.1990900503
77.661793635,NJ,80005,0.0554048614,6.7671157244,0.8920451199,0.0745774096,0.124,0.257,0.291,0.102,0.116,0.404,8.8,7.544592e-4,0.4453197595,0.231801239
77.106128992,NJ,96965,0.0430237797,4.1721614951,0.8080468269,0.04369931,0.124,0.207,0.363,0.087,0.089,0.404,8.6,5.320599e-4,0.7942502415,0.1356344588
79.914650496,NJ,88469,0.0437516198,6.0607926244,0.8733497787,0.079659337,0.107,0.254,0.307,0.101,0.13,0.389,8.3,4.740463e-4,0.3118233001,0.2088724584
78.385186486,NJ,95502,0.0389032738,5.5675735518,0.8160400878,0.0321070819,0.104,0.224,0.307,0.089,0.097,0.37,7.2,9.043841e-4,0.6189136459,0.1640187897
80.181999008,NJ,104637,0.0409554355,4.3837104654,0.7708485333,0.0349703921,0.097,0.214,0.269,0.099,0.093,0.394,7.6,9.038031e-4,0.6346749125,0.1547690241
79.64859143,NJ,117752,0.0384298305,5.0202954721,0.7150048384,0.0371519799,0.121,0.183,0.293,0.079,0.084,0.347,7.9,0.0010970723,0.7537240952,0.1574656873
78.080170306,NJ,85239,0.0423420804,4.4514891577,0.7700036066,0.0376028598,0.145,0.235,0.332,0.085,0.106,0.383,6.5,3.836684e-4,0.8017108243,0.1604317367
78.440264534,NJ,81823,0.0551144343,5.3734125171,0.8619826941,0.0480311863,0.149,0.309,0.317,0.107,0.124,0.385,8.3,5.191878e-4,0.5282585242,0.225371089
78.385062199,NJ,109884,0.0425986842,3.727331237,0.8170079932,0.0614154218,0.115,0.19,0.293,0.076,0.084,0.364,7.5,4.534742e-4,0.8491138711,0.1259426714
79.261718711,NJ,100031,0.0472691988,4.8566166185,0.8671062149,0.0729351881,0.115,0.242,0.28,0.093,0.094,0.397,9.5,6.15262e-4,0.5761493184,0.1769165071
78.315011557,NJ,98857,0.0404316259,3.9602339451,0.792535399,0.0670632774,0.115,0.205,0.291,0.077,0.097,0.375,7.2,5.418537e-4,0.7428520571,0.1355489426
74.413201597,NM,62286,0.0375666671,5.3035550745,0.8435430167,0.0973000731,0.155,0.239,0.334,0.111,0.152,0.341,5.4,7.438996e-4,0.6933932591,0.1387943967
75.08976794,NM,68286,0.0345509593,5.1501863879,0.8744683747,0.0793186917,0.139,0.198,0.281,0.093,0.141,0.308,9.7,0.0010616955,0.6426876439,0.1620129788
72.61696154,NM,53858,0.0290245765,4.9253935984,0.7969645662,0.1518013291,0.158,0.252,0.349,0.107,0.155,0.383,5.8,4.166753e-4,0.6125818851,0.1642150008
76.021343595,NM,56233,0.0429747536,5.4797758285,0.9093094317,0.0958671201,0.149,0.243,0.36,0.121,0.164,0.329,9.1,6.184878e-4,0.6529630073,0.1513620193
72.630318535,NM,60820,0.0349407167,5.3485571283,0.5925941775,0.1013925152,0.181,0.301,0.355,0.127,0.139,0.327,5.6,3.013534e-4,0.6948876587,0.1158719791
63.94369904,NM,41427,0.0518198643,7.5129341033,0.9811846524,0.1705895055,0.311,0.316,0.374,0.166,0.209,0.4,5.3,8.21956e-4,0.6880216237,0.0943090281
74.863465511,NM,51298,0.0401633764,4.2742961297,0.9002529975,0.1228928766,0.189,0.264,0.388,0.112,0.165,0.354,5.8,4.523104e-4,0.6503603047,0.1032529397
69.270406337,NM,51703,0.0344440506,5.82873702,0.7743107303,0.1126629423,0.178,0.277,0.388,0.132,0.161,0.36,5.4,4.977725e-4,0.7808411215,0.0929459381
76.809110331,NM,81557,0.0364420795,3.8082913306,0.8311978151,0.0767778477,0.163,0.227,0.311,0.1,0.109,0.376,7.6,6.606373e-4,0.8361170413,0.0908083755
69.849902159,NM,57296,0.0417772535,4.8888593223,0.7889413748,0.0981052632,0.249,0.273,0.381,0.121,0.173,0.382,6.4,5.289562e-4,0.7018001121,0.1402107541
79.33546092,NM,78366,0.0335635776,4.9814345168,0.8564988358,0.1091851852,0.114,0.178,0.231,0.089,0.122,0.306,4.5,0.001101797,0.7061919594,0.1580251363
70.968960003,NM,46070,0.0421393841,6.8489311164,0.7704574805,0.1801242236,0.22,0.305,0.35,0.134,0.208,0.335,5.3,4.291582e-4,0.7351589429,0.0980749747
74.531131777,NM,56785,0.040507611,4.4716995682,1.0391463734,0.1130153999,0.158,0.251,0.355,0.115,0.153,0.356,6.8,2.979661e-4,0.8205137779,0.1277667946
79.350500568,NY,82052,0.0422750136,5.780476775,0.8767238294,0.0660539101,0.115,0.251,0.303,0.099,0.134,0.388,6.9,8.034921e-4,0.5430717036,0.1939907904
78.49584042,NY,81193,0.0328715953,4.6358145944,0.8840075897,0.0436069851,0.127,0.216,0.335,0.084,0.116,0.371,8.7,9.625713e-4,0.5672126454,0.1468500273
76.779175014,NY,57488,0.0426826125,4.424328422,0.7855129599,0.0331553182,0.165,0.243,0.343,0.091,0.143,0.387,6.5,3.470264e-4,0.8030720525,0.1077677544
76.681897585,NY,46894,0.0682682169,7.321794181,0.9695714202,0.1021624765,0.163,0.36,0.372,0.15,0.202,0.435,8.3,5.782667e-4,0.2026894713,0.3119479055
76.509171381,NY,63590,0.0393748266,5.0979134563,0.8058379154,0.0401024515,0.159,0.238,0.333,0.089,0.146,0.366,7.2,7.858447e-4,0.6457490126,0.1448835238
74.466671641,NY,55944,0.042663766,4.8234150136,0.8931600624,0.0943858789,0.187,0.264,0.365,0.096,0.148,0.401,6.8,4.317902e-4,0.7457733643,0.1148468492
77.601584497,NY,66431,0.0360567487,4.6472783378999996,0.8268528016,0.064652568,0.184,0.262,0.41,0.092,0.13,0.394,7,2.899315e-4,0.7191229974,0.124228699
75.711401705,NY,56040,0.0427299034,4.8477991188,0.8580913456,0.0975296302,0.179,0.275,0.347,0.095,0.15,0.416,5.3,6.3088e-4,0.6906458714,0.1349480302
75.02900282,NY,60456,0.0399780467,4.5677210667,0.8455728074,0.1128423041,0.164,0.267,0.342,0.096,0.137,0.355,6.8,7.827082e-4,0.6983617826,0.1507978411
74.865954505,NY,57407,0.0347715274,4.1708017665,0.8636463121,0.1549094376,0.193,0.266,0.375,0.097,0.132,0.404,6.7,3.008359e-4,0.7632323232,0.1087931574
77.81640984,NY,64282,0.035189633,4.8719408726,0.9183140743,0.0385866031,0.189,0.28,0.418,0.098,0.13,0.363,6.2,8.040605e-4,0.6885142445,0.1230816928
79.204849312,NY,73112,0.0298337137,4.923698069,0.9033172627,0.126176219,0.146,0.232,0.33,0.081,0.11,0.365,7.8,4.046748e-4,0.7536209671,0.1513375593
76.66331899,NY,56163,0.0403342439,4.7715339467,0.9305113005,0.0762207225,0.159,0.243,0.359,0.092,0.139,0.419,6.5,3.830727e-4,0.7668760226,0.1449338726
79.291172188,NY,96374,0.0326450665,4.5868596068,0.8079493449,0.0642191074,0.118,0.199,0.343,0.084,0.1,0.365,8.3,7.101699e-4,0.6883247673,0.1568453069
77.04116306,NY,70443,0.0380027388,5.0336885774,0.8488251164,0.0563850937,0.156,0.255,0.327,0.089,0.123,0.387,6.8,7.321052e-4,0.6545431858,0.1425088809
77.270243397,NY,63624,0.0381555532,4.4733206566,0.9450632818,0.0831191088,0.184,0.273,0.366,0.098,0.148,0.374,6.5,5.268038e-4,0.7118644068,0.1102626591
77.599059563,NY,70789,0.0382947625,5.1061813331,0.8485990293,0.1341090018,0.148,0.23,0.324,0.083,0.114,0.384,7.4,2.886657e-4,0.7756212888,0.1415625352
77.550738865,NY,63771,0.0407353477,4.4266613378,0.8601823708,0.1501322751,0.168,0.231,0.378,0.088,0.127,0.371,6.8,2.66947e-4,0.7589082042,0.1013185569
77.320601254,NY,61664,0.0435273146,4.0462615901,0.8807804878,0.0709490111,0.179,0.289,0.374,0.099,0.137,0.432,6.5,5.073305e-4,0.5412732061,0.1296847771
80.089940544,NY,76353,0.0552572743,6.7742097729,0.9196148986,0.0782699926,0.117,0.255,0.269,0.109,0.152,0.401,8.4,6.319451e-4,0.2971743153,0.2552715757
79.356431345,NY,70185,0.035151117,4.0904942285,0.8386931208,0.0460251046,0.163,0.23,0.324,0.087,0.111,0.364,6.8,4.547079e-4,0.7710551194,0.1018214015
78.403259836,NY,73680,0.037233881,4.4876317214,0.8827185871,0.0463602288,0.159,0.224,0.344,0.081,0.11,0.383,6.8,7.390109e-4,0.7842193796,0.1242451083
78.236670025,NY,73263,0.0366607448,4.8620176077,0.8197488982,0.0543254858,0.117,0.193,0.361,0.088,0.121,0.358,6.6,0.0010739446,0.6351601549,0.1405590777
75.200585673,NY,61463,0.0459703099,4.8103125622,0.8324396541,0.1289374213,0.187,0.294,0.36,0.102,0.144,0.434,7.3,0.00052463779999999995,0.6933555163,0.1403565466
75.418682898,NY,65932,0.0406692303,4.8000359518,0.8065507312,0.0607647466,0.146,0.233,0.346,0.089,0.126,0.386,7.9,3.827019e-4,0.7090159903,0.1198509882
76.278820394,NY,61566,0.0371239854,4.5691405841,0.8662769814,0.0871872631,0.154,0.263,0.382,0.09,0.131,0.394,7,7.035097e-4,0.677885991,0.1181254082
77.742598281,NY,74388,0.0349531726,4.9595945991,0.8660112978,0.0436831148,0.155,0.23,0.351,0.092,0.123,0.38,6.4,9.234293e-4,0.656601509,0.139882786
79.758892306,NY,79364,0.0328318836,4.0486299144,0.8252680879,0.0548452221,0.143,0.211,0.341,0.083,0.111,0.396,6.9,8.266079e-4,0.72808489219999994,0.1070113072
78.790827102,NY,93492,0.0343784208,4.7906767077,0.828154895,0.0784498313,0.118,0.23,0.373,0.094,0.113,0.384,8.1,6.674495e-4,0.6842787541,0.1972211444
76.931193356,NY,65156,0.03969129,4.3816477312,0.8618516985,0.1147540984,0.157,0.235,0.362,0.086,0.126,0.38,7.1,7.46436e-5,0.773630306,0.145
76.210599947,NY,68613,0.0431010038,4.5788956021,0.7932488754,0.0813895159,0.172,0.257,0.385,0.092,0.143,0.402,6.9,4.003851e-4,0.7391368921,0.1284303204
77.679478008,NY,63863,0.0383616532,4.3298829883,0.9206999928,0.066877206,0.141,0.238,0.355,0.089,0.122,0.372,6.5,0.0013763914,0.7434094126,0.1092839395
81.207949414,NY,81399,0.0460298526,5.0021711329,0.9728087522,0.0705000157,0.106,0.27,0.247,0.107,0.125,0.373,7.4,5.894104e-4,0.4488825568,0.2391387433
77.745827557,NY,82846,0.0330344103,4.6197471614,0.9040898178,0.0610054203,0.13,0.215,0.346,0.087,0.118,0.412,8.1,4.805532e-4,0.6409493757,0.1160378381
79.04440445,NY,93337,0.0488112972,5.008744829,0.8739974062,0.0580249979,0.106,0.254,0.294,0.097,0.115,0.415,7.7,8.125732e-4,0.679423924,0.2126812521
81.013304227,NY,105923,0.0311896491,5.4183212445,0.8911107004,0.0620762926,0.139,0.25,0.32,0.102,0.11,0.437,8.4,8.48989e-4,0.6825452151,0.2242336375
76.773624978,NY,57832,0.043721297,5.4625459765,0.8382612533,0.1020192533,0.196,0.28,0.371,0.099,0.149,0.381,6.9,5.460384e-4,0.7150388191,0.1362712033
80.245541928,NY,94394,0.0288238749,4.1608415338,0.7714936489,0.0412634654,0.105,0.169,0.321,0.071,0.095,0.307,8.2,6.951495e-4,0.7216707567,0.104711561
77.075693617,NY,74791,0.0350904017,4.3947831796,0.8396016139,0.0815116279,0.132,0.213,0.343,0.089,0.113,0.396,8,7.970194e-4,0.6381852723,0.1545311439
78.92809918,NY,63768,0.0415579201,4.2128650432,0.8575512225,0.0421718503,0.192,0.253,0.376,0.091,0.121,0.404,6.6,3.013763e-4,0.7767505426,0.1070153591
77.559545914,NY,58581,0.0348741794,4.1509923242,0.8523459463,0.1373265157,0.163,0.25,0.374,0.089,0.131,0.373,6.9,2.671574e-4,0.7199356678,0.11943441640000001
76.303825723,NY,64261,0.0397000655,4.4849927697,0.8309889598,0.0929171669,0.165,0.241,0.366,0.088,0.132,0.394,5.7,5.594526e-4,0.735275979,0.1076744125
79.39597492,NY,123219,0.0339044405,4.1977385699,0.8185759605,0.0574053383,0.108,0.223,0.298,0.084,0.081,0.393,6.4,7.128144e-4,0.8191438276,0.1758511249
76.114977732,NY,68063,0.0331780538,5.1430587405,0.8420888414,0.2374405077,0.151,0.262,0.348,0.106,0.131,0.412,6.9,3.2579e-4,0.6928346848,0.1516438356
78.584203937,NY,67616,0.0338416265,4.3193402349,0.7488201281,0.1031429836,0.138,0.223,0.352,0.083,0.115,0.389,7.1,2.709462e-4,0.7821806669,0.0962440131
78.797974881,NY,84593,0.0344671918,5.2266339505,0.8139370602,0.0907779381,0.141,0.217,0.322,0.089,0.128,0.372,8,5.957879e-4,0.699856371,0.1799020864
76.567769539,NY,71396,0.0339858422,3.909221902,0.8234743412,0.0991129965,0.157,0.239,0.36,0.088,0.121,0.354,7.6,3.609161e-4,0.765564443,0.109586728
77.249592324,NY,73028,0.0336153723,4.2418888532,0.8054394326,0.0872362326,0.148,0.232,0.372,0.084,0.114,0.384,7.1,2.309647e-4,0.7987808069,0.1130301234
78.147555658,NY,70775,0.0392395525,3.8734460076,0.8109908263,0.0769230769,0.168,0.251,0.358,0.088,0.115,0.399,6.8,3.457558e-4,0.7697226834,0.071900032
75.93399587,NC,70838,0.0345535479,4.685680593,0.839333379,0.0725275966,0.149,0.227,0.342,0.106,0.14,0.35,6.7,7.078841e-4,0.6636547499,0.1266876072
75.398043748,NC,66395,0.0339492509,4.3171938505,0.8618057871,0.0505686625,0.173,0.258,0.38,0.113,0.143,0.367,7.4,3.853299e-4,0.6560833419,0.1107812406
74.110219268,NC,62976,0.0321989674,3.8472704757,0.8454788699,0.0954378605,0.162,0.227,0.338,0.097,0.149,0.343,7.7,1.910272e-4,0.8166966535,0.072135785
77.058210536,NC,76797,0.0420598681,3.9159118485,0.8614767478,0.077822762,0.139,0.198,0.309,0.092,0.135,0.363,6.2,4.368478e-4,0.8383977901,0.1250858997
77.403702065,NC,71218,0.0270656555,4.5837174598,0.8798906024,0.0489841805,0.111,0.184,0.262,0.08,0.145,0.277,5.1,0.001406822,0.6443723703,0.1248550133
74.169901722,NC,55616,0.0328021574,4.5535655468,0.869108612,0.1348701643,0.173,0.244,0.32,0.104,0.172,0.352,7.5,6.277751e-4,0.7477211273,0.1032146419
77.189573148,NC,85540,0.0324456636,4.2368651263,0.8421777643,0.0964590965,0.122,0.214,0.346,0.099,0.115,0.343,8.5,7.912555e-4,0.7213263656,0.1136986127
72.358851842000007,NC,56239,0.0338371741,4.4030418251,0.8001640971,0.1437944232,0.184,0.245,0.35,0.105,0.16,0.33,7.4,4.971229e-4,0.7401269609,0.0744565564
73.919751616,NC,65898,0.0329104036,4.2779578324,0.8351058893,0.1013148626,0.17,0.233,0.341,0.101,0.148,0.323,7.9,6.368915e-4,0.7271974356,0.0843275747
72.02350536,NC,61411,0.0346627436,4.7998380981,0.8608257764,0.0978009259,0.206,0.272,0.378,0.113,0.164,0.364,8.1,4.384261e-4,0.7065398463,0.114427157
69.739990661,NC,50837,0.0399462606,4.7790830235,0.9309597942,0.1094710947,0.216,0.289,0.392,0.134,0.17,0.396,6.5,3.992654e-4,0.7225776252,0.1417358923
73.583646672,NC,61761,0.0346624907,4.3340113628,0.8033491263,0.0821212799,0.174,0.245,0.361,0.116,0.147,0.348,5.7,7.449788e-4,0.6994598765,0.1221539304
72.851337042,NC,61511,0.0471444465,4.3235955056,0.9083432529,0.0828119049,0.157,0.245,0.396,0.122,0.163,0.421,6.8,7.063915e-4,0.5365522409,0.170222627
73.31963788,NC,63551,0.0336850899,4.236292195,0.7817795835,0.0679838017,0.174,0.231,0.345,0.103,0.153,0.339,8.3,2.812989e-4,0.7352872489,0.1030363365
76.350943987,NC,76153,0.0314022478,3.8535782456,0.8011981247,0.0841813136,0.163,0.23,0.34,0.097,0.148,0.335,8.3,4.134794e-4,0.8338766076,0.0953379378
73.751902533,NC,52947,0.0331478724,4.4357003257,0.7966409347,0.109991942,0.179,0.284,0.394,0.126,0.165,0.354,5.9,2.26734e-4,0.7003881369,0.1074492572
79.186138445,NC,81413,0.0305756282,4.4889165347,0.93802691,0.0651716091,0.106,0.191,0.325,0.102,0.122,0.337,7.3,0.0011958568,0.5502158814,0.1336057867
70.482550684,NC,49972,0.0573181682,4.9976649154,0.8732046726,0.0872827804,0.189,0.286,0.405,0.143,0.164,0.384,6.7,3.928948e-4,0.5938667895,0.1568808837
75.848426857,NC,65556,0.0353355578,4.6186132687,0.8651216686,0.072163174,0.145,0.22,0.318,0.106,0.145,0.342,8.1,0.0011387129,0.6268596341,0.1290456815
72.983767606,NC,67076,0.0339184588,4.6921491406,0.8148790427,0.0773893183,0.168,0.229,0.365,0.109,0.144,0.381,8.4,5.241363e-4,0.658218384,0.1427023888
76.246124474,NC,65890,0.0391404333,4.6303901437,0.8080015314,0.0557168046,0.149,0.238,0.335,0.11,0.137,0.363,6.4,8.075072e-4,0.5995959353,0.1365342988
70.414980128,NC,48520,0.0517795995,6.0637506414,0.819871478,0.1778825547,0.2,0.298,0.412,0.145,0.176,0.396,6.7,4.764667e-4,0.6347624451,0.1604050792
74.550370405,NC,70074,0.0390525313,4.3032535083,0.7696792003,0.0824088748,0.16,0.252,0.394,0.115,0.149,0.375,7.5,2.721269e-4,0.6949361623,0.125887283
74.560685099,NC,64553,0.0301173403,4.404026698,0.8979191351,0.0978302246,0.143,0.207,0.315,0.092,0.153,0.315,5.8,6.882643e-4,0.7501494098,0.112990769
72.722518981,NC,60257,0.0443848965,5.0625721133,0.8353572798,0.0951031971,0.166,0.266,0.356,0.13,0.157,0.398,7.3,2.071017e-4,0.7168363268,0.1420028209
76.553302242,NC,84335,0.0324595292,4.2127203364,0.7017235315,0.066554161,0.145,0.222,0.335,0.097,0.128,0.309,8.6,6.771962e-4,0.7147457146,0.0956953225
76.453118623,NC,79666,0.0317958429,4.2844518749,0.8198763747,0.0729963419,0.159,0.241,0.362,0.11,0.127,0.355,6.6,2.693109e-4,0.7710011787,0.1057481023
73.748946311,NC,62680,0.0398381575,4.3254835997,0.8049772156,0.1063763608,0.172,0.267,0.384,0.117,0.163,0.391,7.3,5.145156e-4,0.6595157954,0.1264580012
70.906473993,NC,51601,0.0343412527,5.0389372916,0.9629338633,0.0743919886,0.192,0.285,0.404,0.136,0.181,0.414,6.2,5.666654e-4,0.5925861317,0.1511316397
76.165690489,NC,79109,0.030020507,4.6036408138,0.7252218425,0.0538081622,0.164,0.231,0.332,0.097,0.136,0.344,8.4,4.349281e-4,0.7846753174,0.1048159456
78.815017433,NC,84796,0.0335769384,4.4408691801,0.7939789575,0.0829285279,0.129,0.189,0.341,0.106,0.118,0.386,8.4,9.275793e-4,0.5550347535,0.1427653787
73.536759314,NC,65457,0.0455118297,4.4227362956,0.7942491197,0.1224709427,0.181,0.272,0.421,0.122,0.142,0.373,6.9,5.043288e-4,0.6370432547,0.1121609514
77.610564982,NC,79106,0.03142696,4.7257904028,0.8541808237,0.0524155622,0.125,0.182,0.324,0.091,0.141,0.321,4.1,9.21325e-4,0.6070075018,0.1651523088
74.122873459,NC,66982,0.0401247879,3.8325182577,1.0378666404,0.0562171144,0.153,0.23,0.321,0.106,0.157,0.386,5.7,3.104385e-4,0.609630978,0.1381105912
74.940596903,NC,60268,0.0393285479,4.8976800034,0.8219009536,0.0448647273,0.136,0.237,0.373,0.116,0.156,0.361,5.7,0.0011384163,0.5092910468,0.1570264305
72.923887334,NC,59336,0.0360633173,4.1646270723,0.809885781,0.1150382096,0.195,0.276,0.325,0.109,0.161,0.357,8.1,4.270796e-4,0.7267333684,0.1068644298
67.946062542,NC,42180,0.0496889258,5.8415841584,0.82384428220000006,0.120544485,0.25,0.331,0.419,0.156,0.204,0.401,7.2,5.071866e-4,0.6562090586,0.136128632
71.943529126,NC,58508,0.039703869,5.1011446886,0.8252684608,0.0915539792,0.184,0.257,0.378,0.118,0.17,0.381,7.6,3.067955e-4,0.7235122251,0.1104896239
72.664422403,NC,65139,0.0338293033,4.4845364713,0.8680220025,0.0818634711,0.168,0.249,0.339,0.113,0.156,0.318,7.6,3.442457e-4,0.712440705,0.129241696
71.868472251,NC,50714,0.0461216792,4.245745614,0.7581098637,0.1427104723,0.198,0.259,0.367,0.11,0.184,0.343,7.6,4.490137e-4,0.7408702847,0.1112751946
72.732589349,NC,53637,0.0354921724,4.8381684249,0.8095786228,0.1090480401,0.197,0.309,0.385,0.133,0.165,0.356,6.6,4.238006e-4,0.7278739271,0.1178348715
69.485470842,NC,45604,0.0630678781,5.3453589774,0.7928846113,0.106918239,0.213,0.303,0.411,0.148,0.194,0.413,7.2,5.84334e-4,0.5888817065,0.169980644
73.662957863,NC,61374,0.0310461296,3.9122974611,0.7724533818,0.0876753507,0.184,0.243,0.331,0.099,0.157,0.33,7.5,2.693421e-4,0.7838856199,0.0914624379
73.671789697,NC,58211,0.0316978638,5.0837696335,0.8177925785,0.1379106244,0.187,0.257,0.353,0.111,0.179,0.337,7.6,5.621767e-4,0.7332970101,0.1015277234
78.458357437,NC,98776,0.029963956,4.1614049714,0.7934595284,0.0324967444,0.115,0.194,0.311,0.095,0.105,0.317,8.1,6.85415e-4,0.8184626236,0.0933170537
70.064258836,NC,45408,0.0538443171,4.6391398047,0.949359153,0.1691588785,0.191,0.285,0.412,0.136,0.162,0.41,7,3.792817e-4,0.5735961694,0.1547807713
80.990179739,NC,103084,0.0300086003,4.4759623063,0.766905511,0.0532953034,0.097,0.158,0.256,0.089,0.111,0.316,9,8.641945e-4,0.6442679676,0.1197754381
72.997202267,NC,47866,0.0537019384,4.9831872099,0.8505968944,0.1546860783,0.217,0.306,0.42,0.145,0.173,0.414,6.7,5.32992e-5,0.6974779319,0.1345865686
71.173433446,NC,47239,0.0479055774,5.520504934,0.8018032114,0.190647482,0.201,0.3,0.41,0.138,0.177,0.404,5.6,4.590525e-4,0.6870860927,0.1617951669
73.237730456,NC,56313,0.0374334667,4.2570883315,0.8208543775,0.0471576227,0.16,0.255,0.391,0.122,0.16,0.357,6.8,5.135447e-4,0.6152107149,0.1240434598
73.660016419,NC,50848,0.0372536361,3.9927342409,0.8990425107,0.0978299538,0.188,0.253,0.352,0.106,0.175,0.343,7.1,3.799046e-4,0.7392400371,0.0868353934
72.643295825,NC,52620,0.0494372754,5.5804742554,0.797951993,0.1502212965,0.208,0.3,0.392,0.137,0.165,0.381,6.8,3.955646e-4,0.5909007912,0.1468246324
73.586193213,NC,61626,0.0314629714,4.6435284747,0.8431947938,0.116807268,0.189,0.256,0.361,0.107,0.156,0.338,7.9,2.419875e-4,0.7708319345,0.0756801547
77.832293855,ND,77346,0.0187627931,4.454232878,0.7952661804,0.0486406167,0.158,0.236,0.362,0.089,0.085,0.34,5.5,7.729551e-4,0.6340704875,0.0995708019
79.07901168,ND,75477,0.0168554974,4.4057712106,0.8705421529,0.0252551918,0.153,0.217,0.341,0.084,0.078,0.316,6.4,9.862673e-4,0.5199711025,0.1065674571
78.634441618,ND,72369,0.0171750698,4.2765294407,0.8175796306,0.0582391897,0.167,0.253,0.374,0.093,0.086,0.342,6.7,0.0012241249,0.5205991303,0.1324122994
65.218181406,ND,56952,0.0551330798,7.4189526185,0.9967349862,0.2742316785,0.292,0.338,0.454,0.154,0.163,0.406,5.9,4.98008e-4,0.6519262073,0.0969643383
75.201079194,OH,67873,0.0353493489,4.6468281037,0.803853112,0.0629367433,0.177,0.24,0.384,0.113,0.141,0.399,7.85,7.528003e-4,0.6699493599,0.1181168383
74.333975508,OH,65665,0.0372099966,4.1894491297,0.7518450798,0.0774921398,0.225,0.306,0.471,0.129,0.143,0.415,5.4,6.49159e-4,0.6831508991,0.1028344757
73.726477315,OH,58152,0.0396919846,4.30409666,0.7572294563,0.1082614616,0.219,0.274,0.431,0.123,0.169,0.387,7.5,2.876604e-4,0.7389306707,0.115438439
74.749555446,OH,53616,0.0443486295,5.6179969497,0.7936171691,0.0329685552,0.177,0.236,0.383,0.117,0.183,0.387,6.1,6.284646e-4,0.6192676701,0.175226307
74.096145263,OH,56716,0.0435849329,4.3454273209,0.7723474009,0.1313957009,0.232,0.312,0.43,0.122,0.159,0.408,7.7,2.733527e-4,0.7396219282,0.0830096504
75.400389676,OH,80066,0.0320545926,4.5230960192,0.778927226,0.0560493527,0.191,0.249,0.365,0.116,0.129,0.383,10.4,5.202007e-4,0.6986683376,0.1110433451
72.269612408,OH,58684,0.0360622548,4.3525750278,0.7917379065,0.0881717332,0.218,0.29,0.418,0.123,0.159,0.401,7.8,4.497431e-4,0.6915860822,0.1073350221
76.250580235,OH,82143,0.0318878251,4.359322408,0.8024063743,0.0463639861,0.192,0.256,0.401,0.107,0.13,0.384,9.6,6.58265e-4,0.7338084284,0.0968639597
74.031334007,OH,55744,0.0419028565,4.6233401751,0.7213435223,0.0587015142,0.233,0.285,0.47,0.122,0.158,0.431,8.5,2.961208e-4,0.7312386707,0.1021758977
75.358781872,OH,61912,0.0384656669,5.4166529673,0.8309221011,0.0760004101,0.177,0.227,0.378,0.111,0.151,0.391,10.8,0.0011125456,0.5905303939,0.1498832149
75.545858478,OH,67609,0.0312524264,4.0790404483,0.7415848407,0.0694935218,0.215,0.267,0.401,0.117,0.14,0.35,8.5,4.651433e-4,0.7199981249,0.084048693
81.115354523,OH,128300,0.0279964629,3.9470851712,0.7155838699,0.022292741,0.123,0.177,0.322,0.089,0.093,0.326,8.2,0.0014768506,0.7818780685,0.0826723497
75.132700616,OH,62547,0.0439802089,4.6147626033,0.7301693725,0.1262596325,0.156,0.242,0.367,0.105,0.143,0.366,7.7,7.748624e-4,0.7109769006,0.1186107892
76.39750898,OH,84701,0.0313014012,4.0252973871,0.7991589645,0.0383501332,0.211,0.278,0.39,0.114,0.122,0.412,8.3,5.587841e-4,0.7422431184,0.0946913643
75.497261734,OH,71730,0.0314215016,4.4824297804,0.8951019186,0.0585381259,0.146,0.233,0.361,0.118,0.135,0.366,8.2,0.0010155788,0.5296721066,0.1416042021
79.998901626,OH,99863,0.0314492486,4.082290109,0.8282910424,0.0705140831,0.178,0.207,0.363,0.099,0.106,0.355,8.4,6.906294e-4,0.8699244106,0.0805707697
77.345391050999993,OH,84015,0.0322435804,4.5662427937,0.7485763135,0.0362630022,0.152,0.22,0.392,0.107,0.132,0.38,9.3,8.966107e-4,0.6757609888,0.0920350494
72.483864623,OH,54757,0.0434368878,4.297032918,0.7369243209,0.0744234801,0.244,0.303,0.415,0.123,0.171,0.413,7.7,3.656594e-4,0.7163784083,0.1081465211
75.507612956,OH,68810,0.0323463925,5.3742378327,0.8219320528,0.071555793,0.184,0.265,0.386,0.129,0.133,0.397,10.8,0.0010966678,0.5899324495,0.1479366826
71.843075315,OH,59713,0.0375800602,4.2438997702,0.7968647453,0.0617128463,0.264,0.316,0.453,0.129,0.163,0.417,7,2.939159e-4,0.7329006917,0.0927955444
73.071549723,OH,61760,0.0455535182,4.4373577189,0.8028040345,0.0888372093,0.246,0.317,0.431,0.124,0.165,0.428,8.3,2.767911e-4,0.7324848341,0.088754847
78.235331473,OH,74490,0.0283170407,3.5662377373,0.6563059311,0.1492907801,0.268,0.327,0.427,0.123,0.115,0.387,8.1,2.032934e-4,0.7950622843,0.0815036863
74.153975913,OH,64331,0.0448072497,3.9452225021,0.7885242187,0.0880226344,0.185,0.234,0.419,0.117,0.149,0.393,7.5,5.48255e-4,0.7358313418,0.0951500748
71.766214098,OH,56276,0.0509842005,4.8184863578,0.7355678423,0.0407986111,0.209,0.261,0.401,0.111,0.175,0.434,8.2,3.85868e-4,0.7179931434,0.1122548068
76.343986136,OH,66844,0.0326413286,3.7845811541,0.79915975,0.0583354939,0.185,0.262,0.358,0.102,0.145,0.348,7.7,3.974752e-4,0.7505013868,0.0876242898
77.022719372,OH,73559,0.0335499639,3.9667720626,0.8105674611,0.0510156757,0.169,0.247,0.409,0.108,0.126,0.402,6.2,4.137521e-4,0.7506554092,0.1009774635
75.909212344,OH,76496,0.0309679091,4.2329297147,0.8100097613,0.047584491,0.199,0.247,0.36,0.108,0.132,0.384,8.3,3.713948e-4,0.7372520313,0.1034652212
76.02106054,OH,75496,0.03802225,4.6711663067,0.804286071,0.0834548798,0.194,0.281,0.396,0.116,0.147,0.402,6.8,5.164847e-4,0.7370486906,0.1239396949
73.412406389,OH,60525,0.0418518825,5.060996921,0.793424951,0.0854190285,0.198,0.272,0.424,0.128,0.158,0.419,9.4,8.64417e-4,0.616576812,0.1341659608
73.365699103,OH,52914,0.0424673953,4.9971335333,0.7969193493,0.0709788208,0.216,0.279,0.397,0.125,0.161,0.427,7.9,0.001027509,0.7028414299,0.121460238
73.690475249,OH,56991,0.0343128173,4.3312840193,0.8006404974,0.0572456657,0.232,0.279,0.452,0.128,0.168,0.443,7.5,2.756888e-4,0.678111238,0.1106878307
79.03434785,OH,90211,0.0312300635,3.8665104843,0.7660416862,0.044767951,0.161,0.223,0.36,0.104,0.114,0.356,6.5,6.226378e-4,0.8002206897,0.0877183091
73.271891642,OH,62650,0.0379770443,4.6566924428,0.8018490836,0.0621262332,0.199,0.294,0.415,0.124,0.146,0.406,10.3,9.480442e-4,0.6232527623,0.1254531752
74.421121738,OH,58806,0.0378391473,4.8381878362,0.7535476089,0.0748383889,0.196,0.273,0.412,0.118,0.161,0.417,7.8,5.323581e-4,0.6873521596,0.1168539998
73.352447426,OH,62677,0.0402463299,4.8224037055,0.7885717235,0.1631637168,0.237,0.304,0.429,0.12,0.164,0.421,7.5,2.820079e-4,0.7652258596,0.0992401923
74.394477753,OH,76471,0.0330134499,4.0120939771,0.8309051279,0.074984247,0.196,0.258,0.429,0.112,0.145,0.418,8.2,4.044967e-4,0.7210442742,0.1063228197
76.418111514,OH,73911,0.0345268542,4.6655824759,0.7837781784,0.0268195603,0.175,0.232,0.385,0.106,0.133,0.397,8.8,3.941324e-4,0.701425031,0.1226810673
74.520566602,OH,76621,0.0308075451,4.0121692954,0.7540271584,0.0709612481,0.216,0.264,0.385,0.114,0.134,0.379,7.7,1.712873e-4,0.7937522399,0.0739784946
74.028227489,OH,57261,0.0414813936,4.2202187064,0.7144234546,0.0800954329,0.186,0.26,0.398,0.12,0.152,0.414,7.5,4.712648e-4,0.6846688504,0.1048309278
72.209906359,OH,61651,0.0337997969,4.3948569219,0.7885168288,0.0613333333,0.234,0.29,0.422,0.13,0.163,0.402,8.1,6.632766e-4,0.7060722417,0.1210812708
69.198036147,OH,52447,0.0480327204,5.6344597065,0.6748173131,0.0787061995,0.236,0.306,0.437,0.129,0.209,0.444,6.6,5.589944e-4,0.6901560918,0.1159334346
74.792338971,OH,62966,0.0358641019,4.1060680809,0.761802497,0.0488311688,0.224,0.285,0.471,0.121,0.144,0.381,7.4,3.642589e-4,0.7341961175,0.0802061373
74.873569548,OH,67351,0.031429537,3.7858198352,0.7485739431,0.0589375727,0.203,0.252,0.379,0.114,0.135,0.396,8,4.585531e-4,0.73746406900000006,0.072026251
75.076656663,OH,63673,0.036785509,4.2877883642,0.7883320608,0.0638919515,0.17,0.227,0.383,0.108,0.145,0.358,9.1,7.730704e-4,0.6857034358,0.1005929649
75.299746472,OH,69786,0.0369101212,4.817245509,0.7880826965,0.0625792142,0.175,0.235,0.395,0.112,0.136,0.392,9.4,9.765026e-4,0.6728931648,0.124055805
73.522405671,OH,51668,0.0437351108,4.5858418367,0.8090543185,0.095795636,0.242,0.303,0.446,0.128,0.167,0.417,6.3,4.51983e-4,0.7150055146,0.1108622351
74.619162768,OH,62098,0.0357628592,4.2363838725,0.7382610611,0.084841629,0.232,0.3,0.437,0.12,0.148,0.416,8.3,3.567568e-4,0.6867836441,0.1068679451
78.1756062,OH,107973,0.0301025178,3.81792831,0.7176029615,0.0290285218,0.134,0.208,0.341,0.099,0.104,0.352,10,8.517438e-4,0.7959640262,0.0816349523
75.829394447,OH,69834,0.0281527824,3.8216002434,0.7205548128,0.0567164179,0.19,0.24,0.401,0.106,0.126,0.342,8.4,4.969583e-4,0.7605901521,0.0891022363
77.437385204,OH,73906,0.0322060502,4.5594269377,0.7516182671,0.049132948,0.157,0.235,0.357,0.106,0.136,0.371,8.3,6.793889e-4,0.645560972,0.1150789888
73.728535165,OK,62120,0.0322389553,4.5713087248,0.7687266082,0.080817508,0.16,0.286,0.406,0.121,0.167,0.362,8.9,5.904723e-4,0.6580374389,0.1193974353
69.27488179,OK,44808,0.0376221869,5.0858997932,0.8726471766,0.2107706592,0.258,0.371,0.436,0.156,0.2,0.415,8.6,2.575461e-4,0.6799018192,0.1058637084
72.181887806,OK,50105,0.0294503154,4.267811576,0.8164043777,0.081980198,0.195,0.3,0.412,0.126,0.172,0.401,9,3.82125e-4,0.6356257541,0.1041018551
69.047472389,OK,50742,0.0335731415,4.200166113,0.8049815538,0.1462865716,0.23,0.358,0.41,0.142,0.176,0.415,8.5,2.275485e-4,0.7034475187,0.0841331911
77.700321827,OK,86539,0.027366899,3.4447819788,0.7310415176,0.1003153101,0.132,0.248,0.424,0.109,0.123,0.357,9.9,3.462411e-4,0.7475636921,0.0951432838
71.686320559,OK,56270,0.0367778974,4.6094523574,0.6578405413,0.0932642487,0.193,0.323,0.407,0.121,0.172,0.395,9.5,5.798182e-4,0.6766029544,0.1042831581
73.003161962,OK,50434,0.0352196469,4.5549778714,0.8978571429,0.0669612508,0.219,0.326,0.443,0.142,0.191,0.423,8.6,7.348773e-4,0.658044884,0.1228808673
77.568711434,OK,74889,0.0278574276,4.1285385466,0.7419574193,0.0560947106,0.143,0.264,0.369,0.114,0.139,0.359,9.9,5.141181e-4,0.6408194773,0.1211623736
73.236289101,OK,56973,0.0391634201,4.4890046526,0.7929596845,0.0998595506,0.184,0.313,0.438,0.127,0.173,0.44,7.4,7.045542e-4,0.5497115256,0.1320702145
72.799239429,OK,58195,0.034203146,4.5762958984,0.7283452344,0.0879732739,0.184,0.28,0.394,0.118,0.153,0.403,9.5,2.221328e-4,0.7447358965,0.0918648027
72.537741669,OK,48763,0.0332907787,4.6941059114,0.7193653409,0.1017039404,0.227,0.329,0.43,0.13,0.183,0.382,9.1,3.902439e-4,0.7590076787,0.1093632959
72.749841663,OK,61132,0.0321507346,4.2570615587,0.698235677,0.0654152446,0.177,0.311,0.423,0.114,0.161,0.371,9.3,4.19856e-4,0.6457549143,0.1035132294
70.489099672,OK,57170,0.0307762627,4.3135172047,0.6818215435,0.1352549889,0.205,0.334,0.424,0.123,0.159,0.395,9.5,3.487831e-4,0.6813,0.097653773
74.085104679,OK,70838,0.029232005,4.4366261152,0.6676246565,0.0679209184,0.168,0.29,0.41,0.111,0.145,0.361,9.4,2.342005e-4,0.7528237585,0.0798546262
69.420192089,OK,50872,0.0398421349,4.0665362946,0.8722188676,0.1346153846,0.224,0.364,0.476,0.142,0.19,0.392,9.2,2.237971e-4,0.7282038471,0.0772058824
72.960192178,OK,58371,0.0294486216,4.2876853833,0.766724342,0.1264274062,0.172,0.324,0.427,0.128,0.156,0.42,7.2,7.264802e-4,0.6128042544,0.0751720487
71.781464787,OK,55440,0.0358954982,4.1352030138,0.7281831742,0.1000810373,0.178,0.301,0.44,0.119,0.174,0.369,9.3,3.887314e-4,0.6773151472,0.0911588412
73.22722772,OK,41241,0.0474619289,4.6928865255,0.8684549608,0.1481481481,0.248,0.365,0.464,0.143,0.191,0.392,8.3,2.121566e-4,0.704569055,0.1044340723
70.972786006,OK,50469,0.0402318783,4.3962461371,0.730307319,0.1449800652,0.23,0.375,0.427,0.135,0.192,0.393,9,2.888027e-4,0.7199549042,0.1040276454
74.189147557,OK,56344,0.03220289,4.5993027121,0.6945594374,0.120661157,0.204,0.32,0.423,0.118,0.159,0.394,9.3,2.364835e-4,0.8025747764,0.08919495
77.878545411,OK,77836,0.0306280587,4.8234880656,0.7633705392,0.1115323855,0.171,0.275,0.422,0.112,0.137,0.358,9.3,3.93043e-5,0.8582915146,0.0775718698
68.183917381,OK,48589,0.0415502369,5.0047219047,0.733511997,0.1162491972,0.239,0.379,0.451,0.145,0.19,0.397,9,4.533092e-4,0.7183297948,0.0853542104
72.22920638,OK,59498,0.0324353239,4.5815869746,0.6823147172,0.1070110701,0.219,0.338,0.431,0.131,0.182,0.385,9.2,3.575168e-4,0.7426475404,0.1009841974
70.12731051,OK,52188,0.039171151,4.491758604,0.8763434167,0.1080229226,0.186,0.328,0.446,0.129,0.179,0.406,9.2,4.535422e-4,0.6638880273,0.1163158535
68.774364104,OK,44661,0.0413719185,5.3357617992,0.7237780834,0.1445783133,0.24,0.373,0.446,0.147,0.209,0.397,9.1,8.93096e-5,0.7108495394,0.1075508498
73.815286926,OK,65979,0.0315603831,4.7362660944,0.8074857014,0.0867644013,0.161,0.272,0.394,0.119,0.153,0.365,9.9,8.126976e-4,0.5861121256,0.1477831724
69.872476674,OK,53938,0.0420018422,4.7115616487,0.7409372558,0.1063432836,0.215,0.329,0.442,0.138,0.183,0.392,9.2,2.985642e-4,0.6995132962,0.1152257192
75.834962682,OK,61279,0.0367438178,4.4332120863,0.7332896348,0.0726658217,0.189,0.308,0.403,0.123,0.15,0.377,9.7,1.747793e-4,0.7825934169,0.0946004587
69.770271246,OK,48937,0.0304034301,4.2502095557,0.7819638154,0.075368651,0.224,0.341,0.44,0.139,0.188,0.412,9.6,4.61437e-4,0.6726499362,0.1099051441
71.403396736,OK,52744,0.0351699883,4.5337966143,0.8184865258,0.1318124208,0.185,0.291,0.407,0.114,0.163,0.383,9,2.541135e-4,0.7815728091,0.077994933
75.893926387,OK,56811,0.030031651,5.7810101235,0.7760426372,0.0285512034,0.16,0.264,0.385,0.118,0.17,0.383,9.3,4.634768e-4,0.5091370088,0.2257910028
71.27626139,OK,51514,0.0451697595,4.8735483295,0.7593834269,0.1019512195,0.21,0.332,0.414,0.124,0.19,0.437,8.5,4.354502e-4,0.7143747521,0.1094859757
71.676464441,OK,57089,0.0361608058,4.5257563042,0.8128581829,0.0812952899,0.204,0.332,0.426,0.122,0.169,0.384,9.5,3.012914e-4,0.6989202814,0.1091870143
75.906657711,OK,73688,0.0294847007,3.7785471718,0.7233873656,0.0731034483,0.166,0.268,0.409,0.106,0.138,0.35,9.7,3.723047e-4,0.7778399866,0.0797088943
69.030871586,OK,49000,0.0475212973,4.9260557769,0.8401327558,0.1005873715,0.228,0.355,0.43,0.138,0.206,0.411,9.3,3.394577e-4,0.6960119526,0.1052371542
70.318897677,OK,48050,0.0368746033,4.5120470676,0.8135677353,0.1220679751,0.232,0.363,0.412,0.141,0.19,0.381,7.1,3.543586e-4,0.7099578504,0.1044525343
73.853045788,OK,56649,0.0354354354,4.7610412637,0.6841989623,0.1284179688,0.181,0.321,0.423,0.114,0.175,0.35,9,3.941663e-4,0.7449500813,0.1055217738
74.441923024,OK,65619,0.0319578933,4.6148660152,0.7951618665,0.0593858155,0.165,0.282,0.37,0.116,0.151,0.357,8.9,0.0010537142,0.5973522511,0.129680309
76.427911056,OK,80246,0.0321966925,3.8312887626,0.7471010579,0.0855588526,0.166,0.28,0.435,0.107,0.137,0.397,9.7,2.736466e-4,0.809815148,0.0857171636
74.917538705,OK,66236,0.0339383018,4.9847151635,0.8495314192,0.1371261853,0.204,0.326,0.416,0.123,0.158,0.411,8,4.358372e-4,0.7182462614,0.1016949153
78.030797907,OR,80061,0.0372198131,4.544147724,0.8332265705,0.0781390522,0.128,0.185,0.311,0.09,0.131,0.318,12.05,9.394382e-4,0.6337423335,0.1566785123
82.362090477,OR,74800,0.030073969,5.5525251066,0.8125560161,0.0322850652,0.124,0.163,0.264,0.088,0.128,0.266,11.4,0.0011664601,0.5603092514,0.2028449579
79.869299345,OR,100376,0.0336154615,4.1675481886,0.7667242782,0.0720112801,0.105,0.159,0.29,0.078,0.103,0.328,30.4,9.158961e-4,0.71340362,0.1484532732
77.559440696,OR,81463,0.0437777867,3.9470453211,0.8023170491,0.0727820844,0.172,0.202,0.369,0.09,0.119,0.34,10.1,2.637826e-4,0.7571221632,0.107405591
74.847922707,OR,61386,0.0452312193,5.0809593941,0.7758301786,0.116251944,0.148,0.193,0.311,0.095,0.162,0.328,9.9,8.30782e-4,0.7070767498,0.1403805186
80.858425207,OR,95414,0.0367850796,4.1081703392,0.7654252442,0.0962540313,0.11,0.138,0.27,0.082,0.111,0.256,15.8,9.863233e-4,0.7074293544,0.1517930992
74.491354044,OR,60296,0.0469741493,4.402719945,0.7849225094,0.0802235083,0.193,0.224,0.351,0.097,0.154,0.354,19.3,6.429834e-4,0.7176125287,0.1328373594
77.266326825,OR,71030,0.043395761,4.2766504902,0.8358576904,0.060700311,0.182,0.211,0.359,0.097,0.138,0.358,15.6,9.609626e-4,0.6497866099,0.1482894089
74.581699341,OR,61575,0.0506268891,4.9486658815,0.8591217055,0.1207221773,0.185,0.206,0.328,0.099,0.16,0.333,14.5,7.357436e-4,0.7168923382,0.171908709
73.282167722,OR,54630,0.0518830128,5.2426111187,0.7633833885,0.1419429901,0.172,0.233,0.384,0.102,0.164,0.345,19.7,0.0010404196,0.6873092926,0.1607703127
77.0847984,OR,70065,0.0395078538,4.5819074334,0.8603674179,0.0923496745,0.17,0.189,0.325,0.092,0.146,0.319,15,8.220486e-4,0.5938410999,0.1784229963
75.906461792,OR,70242,0.0406970022,3.9599061699,0.8026707201,0.0877039116,0.163,0.21,0.348,0.092,0.137,0.35,21,5.853403e-4,0.6704594926,0.1470308163
77.518244488,OR,73210,0.0372725615,4.1778822962,0.8477818056,0.1153944607,0.166,0.242,0.394,0.111,0.136,0.349,24.9,7.144524e-4,0.6224314864,0.1625213363
77.769938655,OR,83290,0.0356278856,4.8799932957,0.9030806941,0.0597890876,0.136,0.18,0.289,0.085,0.125,0.286,10.7,0.0014712893,0.541040093,0.17673809
78.956982086,OR,79970,0.0375210793,4.625191154,0.8323813367,0.0825865402,0.152,0.218,0.344,0.099,0.127,0.346,12.1,5.719797e-4,0.6459139191,0.1684543972
75.922644236,OR,62890,0.0407740331,4.3787255563,0.8056288792,0.0673122343,0.17,0.245,0.378,0.108,0.134,0.339,14.7,4.625694e-4,0.6714194509,0.1106530463
81.143107601,OR,103486,0.0321996855,4.0148942384,0.7709966206,0.065169865,0.096,0.166,0.296,0.088,0.104,0.293,11.1,9.22087e-4,0.6086992073,0.1400968081
78.066618794,OR,86887,0.0345067533,4.2469337694,0.7789516335,0.0897557881,0.143,0.202,0.345,0.092,0.126,0.342,12.7,5.820453e-4,0.6994283654,0.1491385689
76.941265569,PA,73826,0.0341644637,4.8000191247,0.8022062863,0.0599050438,0.156,0.208,0.329,0.1,0.119,0.381,7.8,7.908019e-4,0.6932930227,0.1279082789
78.834616419,PA,77041,0.025976857,3.6076841198,0.7841733456,0.0365793376,0.173,0.233,0.373,0.088,0.103,0.397,7.8,5.378048e-4,0.7905768231,0.0999822951
76.924253666,PA,76488,0.0330460475,5.0773063271,0.8068842697,0.0365496834,0.154,0.21,0.32,0.094,0.114,0.37,11.3,0.0010928123,0.6492872003,0.1189640671
75.271340231,PA,61521,0.0392869783,4.0766444963,0.7886768976,0.0644919385,0.211,0.259,0.379,0.093,0.129,0.383,7.8,4.301538e-4,0.7863748349,0.0776091784
75.61570245,PA,66846,0.0407218767,4.4208721704,0.7629680054,0.0318105381,0.157,0.216,0.372,0.09,0.123,0.367,9.3,3.900999e-4,0.7452865578,0.0929316007
76.216264699,PA,58319,0.03509342,4.6445280881,0.7507254841,0.075454122,0.195,0.252,0.353,0.095,0.125,0.398,7.6,3.371189e-4,0.7810049082,0.0976657825
77.814755259,PA,75655,0.0347890383,4.4976326481,0.8271422205,0.0514167913,0.151,0.239,0.35,0.098,0.121,0.414,8.7,6.288693e-4,0.7104594282,0.1247120472
74.731859602,PA,54909,0.0332757277,4.4891959042,0.7849326524,0.0556293345,0.201,0.252,0.362,0.101,0.133,0.422,7.7,7.719661e-4,0.7244797025,0.0993011006
77.151757359,PA,61270,0.0327467376,4.5577191052,0.776953251,0.0981552384,0.171,0.223,0.349,0.093,0.13,0.388,6.6,0.0010185,0.7226691714,0.0937034357
79.089937505,PA,107006,0.0300702271,4.2348987821,0.7764345129,0.0693027895,0.158,0.216,0.304,0.088,0.088,0.386,8.9,8.07927e-4,0.7801464829,0.1234729512
77.771240988,PA,80978,0.031112597,4.6121307513,0.722359826,0.0339722908,0.131,0.182,0.327,0.078,0.105,0.377,9,6.794562e-4,0.7637485202,0.097364969
74.604616643,PA,55592,0.0413662239,4.6438063109,0.8171849047,0.0501372634,0.195,0.264,0.371,0.097,0.144,0.403,8.5,6.96089e-4,0.758098111,0.096812586
74.451454503,PA,64894,0.0387102678,4.0883313395,0.8204332791,0.1123277994,0.18,0.241,0.344,0.095,0.131,0.388,8,3.363297e-4,0.7723766286,0.1149604503
81.291223942,PA,69999,0.0270439386,5.1837975399,0.820919367,0.0180313696,0.181,0.232,0.347,0.092,0.109,0.373,7.3,8.316035e-4,0.6175643155,0.1711283244
80.951138236,PA,120925,0.0257151567,4.4170378925,0.7521302803,0.0357970968,0.111,0.177,0.295,0.079,0.081,0.326,8.5,8.0015e-4,0.7494577703,0.1144060784
74.874097215,PA,56911,0.0415235717,4.4711005845,0.782062119,0.0653950954,0.192,0.244,0.357,0.094,0.134,0.381,7.7,4.575304e-4,0.7143906021,0.1083726743
75.909673776,PA,60213,0.0392423727,4.2424573592,0.802192723,0.0945243194,0.201,0.257,0.369,0.101,0.144,0.417,7.8,4.620264e-4,0.7832902241,0.1003215434
76.576466394,PA,55946,0.0403365218,4.7713716869,0.7674358833,0.0583609272,0.202,0.255,0.353,0.094,0.137,0.429,7.7,3.469905e-4,0.716411063,0.1170636259
76.494325052,PA,63605,0.0361176436,4.7893486837,0.7872212478,0.0576314123,0.175,0.246,0.372,0.095,0.133,0.383,8.2,5.703539e-4,0.7042591018,0.1201680333
75.519499333,PA,60545,0.0367355568,4.169349985,0.7470564062,0.0937006096,0.211,0.252,0.378,0.095,0.137,0.376,7.5,6.118703e-4,0.7367027606,0.0977238146
79.337086628,PA,82507,0.0267835581,3.8352682774,0.8205548568,0.0421346448,0.146,0.208,0.33,0.088,0.1,0.364,8.9,8.671872e-4,0.7137098691,0.1013897082
76.795034381,PA,73929,0.0320820868,4.3440119203,0.8201207243,0.041694097,0.177,0.253,0.343,0.106,0.113,0.431,9.4,0.0010334029,0.6332339704,0.1203474585
77.581734243,PA,84180,0.0318029754,5.0542911069,0.8122312854,0.0655489688,0.131,0.197,0.314,0.095,0.097,0.416,10.3,0.001005491,0.6964275824,0.1550640192
75.969648176,PA,60721,0.0384439034,4.7694097236,0.8404808549,0.0668184776,0.19,0.263,0.369,0.098,0.139,0.378,6.5,8.103758e-4,0.6833505894,0.1307507637
72.553899632,PA,54030,0.045451228,5.2281431379,0.7367011034,0.1041162228,0.214,0.256,0.348,0.103,0.158,0.398,7.5,3.702799e-4,0.7246461191,0.1127450032
77.179295627,PA,75532,0.028896491,3.6102370807,0.8001749299,0.0739853439,0.198,0.247,0.392,0.094,0.114,0.397,8,6.142467e-4,0.7321507901,0.0940456136
74.328558136,PA,60627,0.0369256368,4.8445104089,0.6891546527,0.0578034682,0.194,0.245,0.36,0.097,0.138,0.404,6.5,4.523735e-4,0.7806880929,0.0819285977
76.977274279,PA,61812,0.0432251417,4.2695683197,0.864780351,0.0594827586,0.202,0.251,0.358,0.094,0.129,0.394,8,3.189865e-4,0.7856964709,0.0790462615
75.208508045,PA,57110,0.0405283944,4.8168377823,0.6942769043,0.0572661871,0.184,0.23,0.401,0.096,0.133,0.392,8.3,5.067201e-4,0.7111579078,0.1120739831
75.889233857,PA,49430,0.0383090469,4.3351329573,0.7786546269,0.0978157645,0.212,0.26,0.358,0.098,0.138,0.389,7.7,4.760394e-4,0.7416378316,0.0990047748
75.90686125,PA,59755,0.0341826238,3.6207724265,0.8056804556,0.1342062193,0.197,0.259,0.361,0.097,0.115,0.382,8.5,1.716959e-4,0.7315188172,0.070833822
75.755682253,PA,57570,0.0374515508,4.9884144451,0.8573264341,0.0728392978,0.173,0.235,0.332,0.095,0.136,0.414,6.9,8.253618e-4,0.6536831849,0.1364634332
78.805698989,PA,80210,0.0270959723,3.8139092982,0.764442427,0.0491700595,0.161,0.215,0.357,0.089,0.101,0.391,9.9,7.224755e-4,0.6994480754,0.1239247429
73.677921374,PA,61686,0.0421326796,4.3827707694,0.7457028219,0.0546372819,0.185,0.24,0.358,0.096,0.135,0.46,8.6,4.093711e-4,0.7543119011,0.0964679402
77.424086134,PA,78284,0.0283224691,4.0561218546,0.8086041816,0.075519665,0.161,0.232,0.373,0.094,0.118,0.367,9.4,5.784254e-4,0.7125308885,0.1046992894
78.016409886,PA,76270,0.0364603171,4.6127654526,0.790238531,0.0591365462,0.166,0.254,0.343,0.102,0.121,0.368,7.8,9.639478e-4,0.6520896511,0.1458867248
74.769768233,PA,60165,0.0434199592,4.7017510249,0.7951491314,0.1022840739,0.186,0.262,0.387,0.101,0.141,0.403,8.1,7.575456e-4,0.6775484509,0.1394540364
76.089206071,PA,62063,0.0353969541,4.1667707899,0.7541523655,0.1037012881,0.166,0.223,0.356,0.091,0.13,0.377,7.3,7.658114e-4,0.6919763641,0.1162635604
74.665195651,PA,59522,0.0435823755,4.1746940901,0.8246409952,0.0475594493,0.168,0.23,0.363,0.096,0.147,0.375,6.8,5.758494e-4,0.7870278943,0.0743230267
74.635678899,PA,61530,0.0377591365,4.5194446575,0.7742442155,0.0739313245,0.187,0.224,0.357,0.092,0.139,0.406,7.4,6.183392e-4,0.7252346985,0.0956009621
75.326203809,PA,58758,0.0346188172,3.8576324432,0.7902598501,0.1205450734,0.223,0.276,0.387,0.101,0.146,0.416,8.1,6.069013e-4,0.7145713977,0.0877652169
76.844765879,PA,73408,0.0447670755,4.1861865273,0.7476422316,0.0523024446,0.162,0.239,0.377,0.103,0.114,0.427,7.9,4.017179e-4,0.7952841716,0.1473988439
80.01904733,PA,106780,0.0276775482,4.5798505745,0.8079558388,0.0464004897,0.121,0.18,0.312,0.085,0.086,0.372,7.3,0.0013060989,0.7173491967,0.1236985493
78.920858659,PA,84051,0.0345807104,4.0492639447,0.7903299791,0.0322665544,0.154,0.224,0.337,0.092,0.107,0.371,8.3,8.066882e-4,0.7112085995,0.116695217
75.630595581,PA,58834,0.0395568879,4.3621996756,0.8274402529,0.0948495665,0.192,0.255,0.377,0.096,0.133,0.404,8.7,4.382793e-4,0.7484899284,0.1040963591
76.457561207,PA,71392,0.028614819,3.8245916692,0.8458342229,0.049049049,0.188,0.233,0.349,0.088,0.105,0.381,8.9,2.60949e-4,0.8070974111,0.0795063954
73.942569718,PA,60196,0.0423137608,6.2592029802,0.8901976603,0.0874790455,0.186,0.27,0.345,0.144,0.152,0.427,8.2,7.080091e-4,0.5232060512,0.2044880833
79.349816395,PA,71698,0.0462409926,3.8856620415,0.7908555232,0.0875,0.151,0.219,0.339,0.092,0.12,0.395,7.2,2.502002e-4,0.861551918,0.1573048019
76.397625686,PA,57850,0.0475981895,3.944051972,0.8039502421,0.0980392157,0.192,0.247,0.382,0.095,0.14,0.394,6.4,3.690264e-4,0.802279118,0.0924097501
74.539095473,PA,63479,0.0401760063,4.4390587216,0.7117630723,0.0683747492,0.204,0.257,0.39,0.1,0.134,0.42,8.6,5.025687e-4,0.76256852,0.0921043087
79.689681893,PA,68089,0.0339384771,3.890386927,0.8544513807,0.0388349515,0.164,0.235,0.365,0.094,0.115,0.364,8.6,4.038263e-4,0.7427314592,0.0782608696
75.724015678,PA,59562,0.0395796202,4.1873604288,0.8061437859,0.1080984659,0.197,0.256,0.366,0.093,0.128,0.374,7.7,3.667133e-4,0.8026899659,0.0922459418
76.608476655,PA,70021,0.0322911578,4.3774312427,0.7608432232,0.061760841,0.159,0.2,0.332,0.084,0.125,0.384,6.1,3.646878e-4,0.7833621076,0.1141808475
76.287727797,PA,62918,0.0384615385,4.2888311876,0.7487786479,0.0687193217,0.191,0.256,0.388,0.096,0.136,0.411,6.1,4.39786e-4,0.7666326101,0.0995908089
80.293131864,PA,82708,0.028562808,4.2681035031,0.7219885921,0.0889257111,0.192,0.241,0.353,0.098,0.116,0.394,8.5,0.0010806239,0.7144954898,0.0968975469
74.500279657,PA,57256,0.0423192269,4.1708013887,0.7753667767,0.0482887951,0.182,0.253,0.355,0.095,0.143,0.388,7.5,6.007449e-4,0.7564426952,0.0895266127
75.943653762,PA,76957,0.0343868037,4.5464839633,0.7136929461,0.0448006576,0.179,0.23,0.382,0.089,0.116,0.384,8.2,7.733804e-4,0.7643757486,0.0958918614
76.526869967,PA,68429,0.0388243515,4.0527539403,0.7947907997,0.0730638091,0.196,0.247,0.352,0.1,0.127,0.407,7.1,3.69427e-4,0.8185487841,0.1333367352
76.60674812,PA,70985,0.0348337777,4.6460877958,0.7544695374,0.042853427,0.147,0.208,0.314,0.08,0.118,0.386,7.1,7.22263e-4,0.7825306863,0.0898484798
77.502162712,PA,81213,0.0297921046,3.9698876163,0.7623863687,0.0837300721,0.17,0.225,0.353,0.088,0.104,0.399,9.2,6.736488e-4,0.7583223737,0.1072060912
78.864904485,RI,83518,0.0300410562,4.8576485988,0.8341601701,0.035957975,0.123,0.234,0.309,0.1,0.109,0.362,6,9.674976e-4,0.6325079766,0.1511576156
78.168516735,RI,89914,0.026973398,4.5340890775,0.8390657538,0.0520476647,0.135,0.206,0.329,0.088,0.094,0.359,4.6,8.435111e-4,0.7214852288,0.1334618232
78.175582148,RI,75307,0.0328915509,5.013898214,0.8397660462,0.0383629622,0.136,0.254,0.324,0.107,0.118,0.38,8.4,9.662408e-4,0.5662228806,0.1607749925
80.299335934,RI,101749,0.0248155411,4.3197469973,0.8337439202,0.0273536197,0.11,0.153,0.25,0.077,0.077,0.323,4,8.193457e-4,0.7683100215,0.1327934742
74.651958476,SC,67988,0.0296249673,4.7484004718,0.7877915939,0.0780342506,0.162,0.25,0.355,0.109,0.128,0.366,7.8,6.733189e-4,0.7142895783,0.1281356829
73.543142124,SC,67769,0.0298714785,4.6703645008,0.691288781,0.0544808527,0.176,0.28,0.37,0.105,0.125,0.384,9.8,3.396262e-4,0.7667405183,0.1103696563
73.227205953,SC,64813,0.0276460038,4.4597974556,0.7494016027,0.1171358398,0.157,0.246,0.385,0.11,0.131,0.349,8.8,6.57297e-4,0.7543648185,0.1061556447
80.553023831,SC,82199,0.0278522229,4.2612638214,0.7976377004,0.102073975,0.13,0.19,0.279,0.092,0.112,0.329,8.7,6.936187e-4,0.7573038556,0.128650986
76.681691325,SC,82414,0.0268793896,3.835415535,0.7353392104,0.0633502056,0.146,0.228,0.366,0.11,0.11,0.374,8,3.295297e-4,0.741034666,0.1211502526
77.8945433,SC,88111,0.024340036,4.9573639001,0.799048154,0.0634860189,0.101,0.175,0.288,0.094,0.112,0.306,7.1,0.0012396374,0.6349039026,0.1629802712
70.637748503,SC,57768,0.0419143749,4.5438653891,0.8558690863,0.1162317858,0.185,0.281,0.323,0.115,0.149,0.398,8.1,3.38971e-4,0.7329399927,0.1064538243
68.564153038,SC,51383,0.0393740902,4.562302494,0.734470544,0.1775486827,0.198,0.281,0.42,0.123,0.14,0.394,7.5,2.79425e-4,0.7788952499,0.1085705149
70.935042736,SC,50962,0.0320785597,4.9241158521,0.7562131144,0.1631663974,0.192,0.275,0.398,0.126,0.151,0.401,7.1,3.00453e-4,0.7236062367,0.1143674942
71.196317529,SC,47675,0.0397427441,5.398679345,0.7581162367,0.209762533,0.192,0.306,0.456,0.135,0.141,0.381,7.5,3.223311e-4,0.7296008034,0.1096943389
69.889684611,SC,46249,0.0327368248,5.2412490922,0.7086137407,0.1298998569,0.186,0.277,0.414,0.126,0.143,0.389,7.4,5.417895e-4,0.7063093244,0.1320547945
76.443565613,SC,78329,0.0255300322,3.9582011312,0.7528860146,0.1112927712,0.159,0.23,0.364,0.109,0.113,0.376,8.1,3.183797e-4,0.754259172,0.1289211363
70.797414211,SC,56144,0.0297079482,5.4759703405,0.7536915979,0.094063665,0.166,0.293,0.388,0.123,0.123,0.382,6.7,9.88982e-4,0.6453866951,0.1364286006
76.057191002,SC,76281,0.026473737,4.3947948963,0.7640584133,0.0674668722,0.111,0.201,0.3,0.089,0.115,0.326,8.1,0.0011164519,0.6875944275,0.1168689183
74.58429366,SC,68684,0.0341667509,4.0943402671,0.8592154756,0.0690403821,0.175,0.236,0.347,0.104,0.139,0.366,7,6.236682e-4,0.7584440808,0.1365053852
73.182869011,SC,69277,0.029668585,4.7820372399,0.8033708908,0.1028245002,0.173,0.276,0.365,0.115,0.126,0.397,7.5,5.746257e-4,0.8165165978,0.1219364964
75.316871063,SC,74417,0.0328040443,4.9708271068,0.8139778534,0.1295116773,0.162,0.242,0.36,0.103,0.117,0.391,7.3,4.08627e-4,0.8327211509,0.1093133283
71.529973597,SC,56237,0.0315555125,4.5795143639,0.830757051,0.0659238626,0.19,0.259,0.41,0.122,0.149,0.356,8.3,5.014527e-4,0.7065535735,0.1164283984
76.101700985,SC,76559,0.0245331075,4.1598464331,0.7877989692,0.058949167,0.145,0.235,0.39,0.101,0.116,0.35,7.8,6.297124e-4,0.7685219681,0.0989998116
68.205715863,SC,40171,0.0444514254,5.3331467749,0.8520014947,0.1571722718,0.223,0.348,0.424,0.158,0.162,0.401,7,3.821568e-4,0.6217339667,0.1191769375
75.031404572,SC,67161,0.0276588001,4.7843704218,0.8074101904,0.1049171707,0.149,0.231,0.316,0.102,0.149,0.364,8.2,5.176572e-4,0.7541675334,0.10816661
70.086755258,SC,50959,0.0441722568,6.450367893,0.8734616126,0.1240685544,0.198,0.316,0.471,0.153,0.147,0.413,8.1,4.821485e-4,0.6590632603,0.1751879443
74.557907206,SC,58480,0.0291293,4.9649666653,0.7688685158,0.0311768561,0.187,0.278,0.368,0.103,0.139,0.374,8.2,5.898857e-4,0.7051980391,0.1408130409
75.500651227,SC,61508,0.0298357655,5.102634214,0.8419807573,0.0456238361,0.149,0.231,0.339,0.119,0.116,0.423,6.9,8.247531e-4,0.6037094393,0.1804467526
73.925604745,SC,60220,0.028363047,4.4978336769,0.9258205196,0.1164327002,0.179,0.287,0.389,0.125,0.14,0.411,8.2,1.593964e-4,0.7808711869,0.1103400416
73.814436391,SC,64649,0.0289510074,4.3787053842,0.7820737832,0.069883796,0.159,0.276,0.364,0.111,0.129,0.385,8,6.192983e-4,0.7293205605,0.1148809954
72.116003086,SC,55481,0.0384111424,5.1967336921,0.7854520553,0.0580015314,0.167,0.291,0.409,0.129,0.123,0.432,7.7,5.345654e-4,0.6675165732,0.1240641434
76.308886162,SC,82495,0.028136912,4.3001178614,0.7709237715,0.0913345901,0.154,0.236,0.312,0.094,0.099,0.343,6.7,4.816438e-4,0.7343379053,0.1058653123
76.845203548,SD,72794,0.0198338744,4.1362243477,0.7982399511,0.0584823881,0.146,0.223,0.372,0.08,0.117,0.329,5.4,7.985472e-4,0.6863857962,0.0963897066
71.414528185,SD,59721,0.0219724067,5.5483565535,0.9518320548,0.1705150977,0.201,0.256,0.385,0.105,0.152,0.335,5.8,3.274037e-4,0.7388556221,0.1249115357
56.655044028,SD,48477,0.0566202091,5.3003241819,0.8240761779,0.1982248521,0.266,0.31,0.408,0.15,0.195,0.361,4.9,1.906214e-4,0.6145151695,0.0731391586
77.034075025,SD,73277,0.0182569958,3.8625243678,0.8264169036,0.0434828164,0.115,0.208,0.339,0.075,0.096,0.282,6.3,0.001021609,0.6350947885,0.0932862017
76.116758321,SD,74641,0.0190537892,4.2401550028,0.8078568923,0.0459357617,0.166,0.215,0.346,0.082,0.118,0.327,6.8,0.0011358961,0.6907960961,0.1154010191
58.745424951,SD,50268,0.0336189848,6.614265525,0.9665855072,0.2410958904,0.338,0.372,0.443,0.185,0.267,0.402,4.9,2.15378e-4,0.4490703314,0.1049495875
73.514063452,TN,67651,0.0330428757,4.6237353405,0.8053832368,0.0688535184,0.192,0.265,0.391,0.13,0.14,0.398,7,6.958922e-4,0.670265532,0.1234650178
72.80204165,TN,69272,0.0330465031,3.8867904584,0.7515003751,0.0931786217,0.22,0.298,0.413,0.123,0.144,0.407,7.1,2.93433e-4,0.701788635,0.1342647535
74.794861658,TN,77206,0.0300847458,3.7183760804,0.7517311324,0.0797832305,0.181,0.243,0.334,0.107,0.125,0.394,6.6,6.831147e-4,0.7695274477,0.0877040508
73.745858752,TN,61440,0.0351435792,4.3361937314,0.762842906,0.1102760987,0.178,0.246,0.392,0.115,0.155,0.381,7.9,4.811096e-4,0.6752726145,0.1258382643
72.711614758,TN,48885,0.0367079146,4.8161011444,0.8523275826,0.1322115385,0.231,0.303,0.413,0.128,0.18,0.442,6.2,3.028468e-4,0.7406978667,0.0975257912
73.424892111,TN,60632,0.0417403013,3.6768343249,0.7584621562,0.1253418414,0.213,0.291,0.374,0.121,0.161,0.377,7,6.405022e-4,0.8023827741,0.0844554644
75.084283803,TN,80216,0.0265224248,4.3765094588,0.9076072864,0.0582950272,0.18,0.271,0.323,0.124,0.132,0.371,9.7,9.0489e-4,0.5341759436,0.1587042868
75.204135394,TN,76680,0.0363005051,4.6808425707,0.7398251759,0.1004700353,0.168,0.245,0.368,0.122,0.116,0.375,8.4,3.035114e-4,0.8074716079,0.1129486939
71.985636846,TN,54188,0.0415081166,4.5348971523,0.7991206951,0.0723929905,0.234,0.322,0.38,0.124,0.172,0.42,6.9,5.239235e-4,0.7590858933,0.0885752432
75.599814628,TN,73319,0.032031772,4.5470171891,0.7843250252,0.0466900117,0.182,0.258,0.333,0.116,0.134,0.38,8.5,0.0010917415,0.6434811917,0.1197973537
71.51577277,TN,54454,0.0387510215,4.6433059671,0.7519331832,0.1171428571,0.206,0.277,0.375,0.115,0.176,0.387,7.2,3.142019e-4,0.7947163274,0.0838765556
71.739415389,TN,55656,0.0369864184,5.1396163141,0.7840613499,0.1709616593,0.233,0.334,0.43,0.133,0.168,0.388,6.7,1.788717e-4,0.7150439239,0.1059760956
72.175154476,TN,52064,0.0378604446,4.731948376,0.9044953842,0.1635124905,0.23,0.298,0.394,0.129,0.175,0.4,7.3,6.824033e-4,0.7559257857,0.0867616456
72.929258321,TN,62730,0.0354967949,4.2741974249,0.7587875565,0.0704225352,0.196,0.264,0.388,0.112,0.15,0.37,7.8,4.494463e-4,0.7403400309,0.0871323352
74.159737863,TN,70457,0.0281154625,4.6132016461,0.7808427384,0.0384601297,0.17,0.223,0.375,0.113,0.132,0.35,8.7,0.0010931275,0.6494845361,0.1200002091
71.758644105,TN,55845,0.0347736093,4.6709543942,0.772809796,0.099005425,0.213,0.289,0.41,0.127,0.163,0.402,5.3,3.792273e-4,0.7613745211,0.0967224681
72.181876128,TN,60974,0.0315258512,4.7743160202,0.7071894984,0.1527446301,0.2,0.272,0.405,0.117,0.141,0.398,7.2,4.233342e-4,0.7703063952,0.0868335147
73.168479849,TN,60663,0.0334380841,5.1119487046,0.7717381391,0.0648986987,0.195,0.28,0.395,0.134,0.145,0.38,6.3,0.0013869906,0.6249051449,0.1687243879
72.00238859,TN,57109,0.0391630478,4.4738358928,0.6922755665,0.1319350474,0.214,0.294,0.408,0.121,0.17,0.397,7.6,3.462964e-4,0.7979009454,0.0954953305
73.624428691,TN,73770,0.0317581301,3.702560812,0.7574652344,0.1620722433,0.239,0.315,0.401,0.128,0.145,0.409,6.9,1.71507e-4,0.7744196563,0.0923220392
70.824940316,TN,58980,0.0360203341,4.7864347182,0.8651451435,0.1522041763,0.241,0.311,0.361,0.125,0.172,0.376,7,1.927277e-4,0.7222423897,0.1038140251
73.991253589,TN,74701,0.0372499888,3.7176676018,0.8403957338,0.0655640373,0.184,0.273,0.426,0.125,0.134,0.446,6.8,4.036858e-4,0.6294161597,0.1175360792
71.817990448,TN,52236,0.035216144,5.3091856816,0.7165854734,0.1447876448,0.238,0.316,0.38,0.121,0.167,0.394,6.9,3.940628e-4,0.775133452,0.1213464303
72.575151348,TN,65970,0.0363856125,5.0293341492,0.72749308049999994,0.156477127,0.193,0.27,0.394,0.113,0.151,0.397,6.8,4.25989e-4,0.7760770221,0.0936741331
72.654471702,TN,81529,0.0272153168,3.6625147012,0.7272331997,0.0634831461,0.196,0.272,0.377,0.111,0.124,0.387,8.1,3.508867e-4,0.7721491623,0.1054078146
75.965586146,TN,81987,0.0261857658,3.4364412811,0.8224871889,0.0456953005,0.186,0.278,0.338,0.121,0.115,0.383,8.1,4.372739e-4,0.6501457958,0.1139450551
71.79344546,TN,62402,0.0434972875,5.3478364525,0.8410855461,0.097033195,0.194,0.294,0.426,0.148,0.134,0.42,10,8.567219e-4,0.5457832996,0.1794844418
72.721753277,TN,57016,0.0347521122,4.6579882134,0.8340041377,0.0955660783,0.181,0.266,0.407,0.12,0.163,0.377,5.8,0.0012118168,0.7292860484,0.1029382705
75.643644106,TN,86376,0.0262805672,3.8623032814,0.7694650761,0.0461898464,0.175,0.243,0.384,0.105,0.12,0.375,7.1,4.686947e-4,0.7222381561,0.1070363665
72.277665661,TN,70886,0.0377013177,4.1240766245,0.7525940497,0.0935230903,0.207,0.292,0.394,0.121,0.131,0.417,8.3,2.786703e-4,0.7718683463,0.1041580519
71.620030586,TN,63690,0.0353233831,3.9769325153,0.7299916283,0.172109444,0.249,0.309,0.398,0.125,0.163,0.392,6.8,3.616637e-4,0.777474775,0.1029272002
76.128446202,TN,96466,0.0272528156,3.7713807985,0.7671501597,0.0416070732,0.18,0.237,0.368,0.107,0.115,0.389,8.2,3.291271e-4,0.7683230582,0.0943567082
76.663461575,TX,75778,0.0394664456,4.7730145388,0.8046303621,0.0807496984,0.12,0.253,0.357,0.133,0.164,0.371,8.1,6.034285e-4,0.6256237881,0.1457959683
72.625754877,TX,57298,0.0436693686,4.4183633207,0.7899167796,0.1296521036,0.197,0.311,0.411,0.142,0.187,0.426,8.8,6.589138e-4,0.6430413572,0.1292153048
73.957045693,TX,58330,0.0380600261,5.3174689247,0.6677019149,0.1557591623,0.162,0.339,0.43,0.147,0.163,0.383,8.6,2.002443e-4,0.7739104298,0.1067687096
76.747985087,TX,77345,0.0341109155,4.1384902249,0.8409255867,0.0784247157,0.151,0.265,0.402,0.124,0.148,0.345,8.4,2.351604e-4,0.7571664202,0.1184814475
75.514008341,TX,69562,0.0449337867,4.3700352814,0.8552338098,0.0802715472,0.157,0.282,0.39,0.137,0.166,0.426,7.8,7.217801e-4,0.5615595026,0.1516910369
76.146428629,TX,69755,0.0373750431,4.5539001739,0.8310770103,0.0877813146,0.141,0.276,0.373,0.154,0.174,0.412,8.7,7.356146e-4,0.591080251,0.1575969409
72.298010833,TX,55343,0.0422838465,5.2802661546,0.7873226288,0.0922043558,0.182,0.284,0.409,0.128,0.169,0.427,9.3,7.236906e-4,0.6269360076,0.1242297934
76.934304831,TX,93071,0.0438388439,4.1533847871,0.7816980475,0.0825435361,0.129,0.254,0.396,0.126,0.129,0.421,10.4,6.531661e-4,0.7400292719,0.1050421795
78.954963527,TX,55724,0.0310470948,6.1072631973,0.7633423365,0.0459563333,0.15,0.256,0.369,0.126,0.171,0.358,8.1,8.311114e-4,0.4679296499,0.2275752366
72.323463835,TX,57744,0.0429916052,4.7676032208,0.778898973,0.0766283525,0.169,0.281,0.383,0.121,0.184,0.392,7.3,5.236699e-4,0.6815541758,0.1183998881
75.744684542,TX,63395,0.035353764,3.9631546991,0.801972489,0.1708526107,0.169,0.316,0.39,0.146,0.167,0.377,8.9,2.564596e-4,0.7317197129,0.1096166342
76.332932659,TX,51716,0.0541512661,5.2403731045,0.8466801998,0.1370775657,0.174,0.415,0.476,0.199,0.219,0.409,12.6,4.916921e-4,0.6523719866,0.1344854894
73.13322437,TX,57691,0.0440454414,4.8935014472,0.7196611505,0.097812629,0.194,0.308,0.391,0.137,0.167,0.405,8.6,5.088361e-4,0.7273983965,0.1090634441
81.311847989,TX,120149,0.0350098107,4.0407738869,0.6856617074,0.0558137402,0.088,0.174,0.286,0.096,0.121,0.346,9.4,9.734448e-4,0.6407859424,0.1304822247
78.298978257,TX,99871,0.0360387034,4.3369417827,0.7962828133,0.0626364786,0.131,0.227,0.391,0.099,0.138,0.357,9,5.943333e-4,0.7685178342,0.1265385022
75.319004839,TX,72724,0.0448245473,3.5406501604,0.9133333333,0.1034928849,0.189,0.309,0.377,0.127,0.168,0.419,8.4,1.780796e-4,0.5936242768,0.0999764299
76.722757077,TX,74352,0.0383770159,4.3769196627,0.8863010835,0.0906980785,0.135,0.283,0.348,0.132,0.156,0.357,8.8,7.207904e-4,0.5078296576,0.17108297
80.743534638,TX,107401,0.0350092356,4.071547022,0.7511709458,0.0431576333,0.105,0.201,0.307,0.101,0.125,0.354,7.4,5.362944e-4,0.6536566237,0.1303696201
71.458720019,TX,66813,0.0332977415,4.9924030248,0.6997669438,0.1174412247,0.157,0.326,0.403,0.144,0.169,0.376,7.3,5.711058e-4,0.6442760565,0.1365459141
76.772297885,TX,90077,0.0369259412,3.8490796394,0.7847969093,0.0841244943,0.144,0.259,0.376,0.113,0.131,0.41,8.3,3.79913e-4,0.7625050834,0.1227100513
76.469698001,TX,58656,0.0438594176,4.9248763707,0.8148664682,0.0706948058,0.144,0.31,0.393,0.16,0.194,0.379,9.3,4.965741e-4,0.6367833003,0.1541842064
73.295055813,TX,66381,0.0339631004,5.1195484864,0.7726686721,0.0774986638,0.172,0.269,0.378,0.117,0.161,0.395,8.8,1.91419e-4,0.7549441101,0.1096605744
80.957480855,TX,106213,0.0396787394,4.0630463889,0.7289546047,0.0516457319,0.108,0.222,0.331,0.118,0.111,0.371,10.6,8.467992e-4,0.7748054284,0.1319176927
76.055944864,TX,83080,0.0425743199,5.0990149406,0.7799151455,0.0587447788,0.135,0.238,0.398,0.116,0.151,0.371,8.3,7.041024e-4,0.674938341,0.1642971039
74.410591734,TX,69442,0.0369319409,4.0945950084,0.7704404657,0.1024777808,0.184,0.265,0.372,0.118,0.157,0.417,9,4.234369e-4,0.6733052039,0.1251377211
72.129591107,TX,61254,0.042250129,4.4719647577,0.6837001562,0.1123468957,0.179,0.278,0.399,0.131,0.167,0.402,9.1,9.098155e-4,0.5948658356,0.1265396335
78.219601755,TX,94952,0.0339633383,3.7966188644,0.777528631,0.0793650794,0.12,0.244,0.394,0.121,0.138,0.373,9.1,2.598342e-4,0.7847441742,0.0865788142
72.578887901,TX,52487,0.0488018191,4.5201377248,0.7865572408,0.164764268,0.19,0.356,0.427,0.155,0.189,0.416,6.6,4.034761e-4,0.6006887801,0.1229103343
77.349626032,TX,72348,0.0425168392,4.8884187582,0.8377061407,0.0883155267,0.158,0.292,0.352,0.145,0.164,0.41,11.6,5.824836e-4,0.5476461762,0.1699456656
74.484254871,TX,62710,0.0468870369,5.1431034483,0.7409874898,0.1157941437,0.172,0.273,0.399,0.127,0.17,0.389,8.4,3.036876e-4,0.7492480175,0.1260647359
79.403998653,TX,88491,0.0326494672,4.5201412249,0.844498213,0.0543504172,0.144,0.248,0.344,0.117,0.147,0.355,9.2,4.424484e-4,0.6411390597,0.1696557254
71.973596294,TX,58965,0.0407153442,4.8378431296,0.7947761897,0.1259314456,0.177,0.271,0.373,0.118,0.173,0.381,8.3,3.585643e-4,0.7650704053,0.1181873852
77.305451055,TX,53160,0.0609417551,5.4573589063,0.787519217,0.0993141289,0.171,0.393,0.476,0.192,0.229,0.407,10.8,4.634489e-4,0.6757140477,0.1483676124
72.584912319,TX,61840,0.040373707,4.4972422246,0.709050537,0.0811249324,0.183,0.284,0.371,0.126,0.167,0.422,8.6,2.467714e-4,0.763989002,0.0855401922
76.034606035,TX,82428,0.0368360843,4.3798881095,0.6980827912,0.0882651336,0.126,0.22,0.335,0.093,0.144,0.34,8.3,3.737037e-4,0.8131903314,0.1384716408
74.14739822,TX,70427,0.0413501059,3.9898158044,0.732725295,0.0466088075,0.177,0.283,0.418,0.119,0.162,0.385,8.7,2.708088e-4,0.7078750433,0.1207958572
73.36571862,TX,59298,0.0625883811,5.1500925735,0.7368526763,0.1116492693,0.188,0.343,0.381,0.155,0.178,0.412,8.5,4.769337e-4,0.6184140273,0.1498641244
71.179592946,TX,50814,0.0519414708,5.3420769123,0.6960691612,0.1715521384,0.165,0.361,0.426,0.166,0.215,0.417,9.2,3.089042e-4,0.6746127237,0.153082634
75.363574235,TX,83229,0.0359629532,3.9769417153,0.7755734863,0.1509451886,0.177,0.311,0.416,0.121,0.146,0.411,8.9,4.058095e-4,0.7447421901,0.1145488746
74.749231714,TX,90064,0.0408186983,3.8218732555,0.8174188266,0.0411139129,0.166,0.297,0.375,0.124,0.133,0.409,8.7,2.091679e-4,0.7859082953,0.1200114258
73.430634575,TX,52903,0.0463897958,5.9457087458,0.6685549399,0.1236047954,0.15,0.334,0.415,0.162,0.23,0.395,10.5,4.243512e-4,0.5392572494,0.1909534368
72.77372493,TX,72329,0.0547676857,4.7740819003,0.7088586733,0.1146520147,0.21,0.336,0.398,0.141,0.184,0.396,9.8,2.151176e-4,0.8077576727,0.1198063595
73.426424368,TX,57883,0.0333407759,4.9381939592,0.7523508247,0.0386987973,0.161,0.276,0.363,0.125,0.17,0.359,5.4,7.886761e-4,0.5529525575,0.1804640049
75.316297346,TX,63377,0.0367748766,5.1898188782,0.7920272658,0.0849378369,0.184,0.282,0.39,0.135,0.169,0.401,8.7,7.677251e-4,0.6117062293,0.1670831538
75.55080593,TX,94375,0.0248181582,4.9693244919,0.6320877846,0.0588428306,0.127,0.263,0.384,0.12,0.145,0.392,7.1,3.810227e-4,0.6820317044,0.1412494854
78.218318321,TX,92578,0.039349273,4.5690215573,0.7570974984,0.0721540011,0.162,0.265,0.354,0.11,0.138,0.387,10.3,6.318521e-4,0.7172511615,0.1208603797
73.540208245,TX,52516,0.0434040738,5.528,0.7917484872,0.0318021201,0.168,0.28,0.406,0.131,0.19,0.389,8.8,7.113255e-4,0.5802739508,0.1680206641
73.762759573,TX,59659,0.0395416194,5.0438081956,0.7675678931,0.0644578313,0.179,0.305,0.423,0.139,0.179,0.408,8.5,2.798977e-4,0.680318113,0.1258951915
74.563415034,TX,63669,0.0423568808,4.9607746157,0.7488944601,0.129054019,0.167,0.344,0.44,0.155,0.187,0.401,9.6,7.901914e-4,0.5987841248,0.153675746
71.899565011000007,TX,66029,0.0540327129,4.9289161611,0.6093672147,0.1334128878,0.184,0.284,0.416,0.118,0.168,0.419,8.7,1.652073e-4,0.7502119509,0.1169109065
76.894999265,TX,98121,0.0334113586,4.2419051161,0.7105513552,0.0726308814,0.135,0.231,0.368,0.1,0.136,0.383,8.5,3.827409e-4,0.8208049855,0.1095784574
70.110499109,TX,57009,0.0535545521,4.4981514226,0.6802552048,0.1797340669,0.195,0.306,0.404,0.142,0.195,0.401,8.7,4.817048e-4,0.7749663526,0.1059793349
70.816868542,TX,51177,0.0313343167,4.8633877291,0.8011866432,0.1352590555,0.204,0.349,0.386,0.153,0.188,0.415,5.4,8.751834e-4,0.5653282345,0.1633652348
76.346804678,TX,81705,0.0294106175,4.0518582783,0.7486809681,0.0497890295,0.144,0.23,0.339,0.104,0.139,0.363,6.1,5.491679e-4,0.6861257577,0.1115451628
79.064153263,TX,118175,0.0359273586,3.3143351405,0.7500113621,0.090348171,0.119,0.204,0.349,0.098,0.106,0.353,8.8,6.6162e-4,0.8256270088,0.0913167132
73.641096741,TX,65812,0.0405393573,4.3026941905,0.7135438972,0.139587242,0.175,0.269,0.396,0.121,0.155,0.403,9,2.275183e-4,0.800144742,0.0970515262
73.152759822,TX,61411,0.0480743425,5.0725534308,0.6423381447,0.1077166184,0.16,0.318,0.433,0.146,0.196,0.417,9.7,2.295585e-4,0.663455258,0.1257582928
75.422748073,TX,71348,0.0363718279,4.3420977513,0.741336546,0.0938808492,0.174,0.274,0.397,0.124,0.149,0.401,8.7,9.865675e-4,0.693059126,0.1202161475
73.93294329,TX,38824,0.0934663505,6.6501503759,0.771504492,0.0799406277,0.184,0.439,0.478,0.212,0.272,0.427,9.7,2.573847e-4,0.7159747486,0.1401940606
76.987789689,TX,80083,0.0371443116,4.2546312525,0.8554555229,0.0686728642,0.146,0.258,0.377,0.124,0.142,0.395,9.7,5.826538e-4,0.5935797526,0.150049666
73.483957951,TX,62128,0.0334718506,4.3606666433,0.8079421403,0.0702184574,0.156,0.27,0.365,0.123,0.17,0.379,7.1,6.698017e-4,0.5976098548,0.124016571
74.908459923,TX,60379,0.0349961056,4.3539180073,0.6730405054,0.074906367,0.162,0.285,0.376,0.132,0.157,0.391,6.9,7.202017e-4,0.6683516293,0.119036404
80.372919943,TX,97544,0.0326512153,4.5941327795,0.8020403733,0.0473589776,0.121,0.215,0.294,0.116,0.146,0.318,9.6,8.374491e-4,0.5302934508,0.1579090731
74.883973891,TX,56619,0.0545577313,5.1697090828,0.6502404055,0.1459197787,0.158,0.357,0.421,0.171,0.184,0.394,7.5,3.363889e-4,0.6685023345,0.1240669886
73.838664901,TX,66356,0.035430325,4.475239699,0.7783999241,0.102421466,0.18,0.275,0.361,0.114,0.161,0.378,8.3,8.15993e-5,0.8086011971,0.0936168263
74.731759515,TX,69442,0.0405525954,4.7787070855,0.7122386265,0.0759306261,0.169,0.311,0.391,0.136,0.181,0.394,9,7.255618e-4,0.6758830766,0.1252442067
76.562462605,TX,56863,0.0459154233,4.7113550728,0.7208321619,0.1349246657,0.195,0.301,0.422,0.143,0.163,0.429,8.7,2.693102e-4,0.5713661636,0.1778257441
75.929083195,TX,77209,0.045566924,4.3778638628,0.7101532504,0.0666950778,0.161,0.287,0.415,0.131,0.139,0.387,9.7,1.170941e-4,0.7054668817,0.1029352634
75.766381342,TX,57899,0.0399293901,4.9754540177,0.7352513743,0.0880346851,0.12,0.333,0.415,0.163,0.2,0.375,10.2,3.06033e-4,0.6389307797,0.1602581762
72.958665325,TX,61622,0.0389810469,4.6289978678,0.835076348,0.0694751542,0.17,0.267,0.389,0.127,0.176,0.395,8.1,8.303285e-4,0.6149586186,0.1127734741
80.713658805,TX,111183,0.033932240599999997,3.6508012209,0.7237309722,0.0572380376,0.107,0.191,0.296,0.1,0.126,0.329,9.5,6.827096e-4,0.6708265427,0.1184922748
76.819948632,TX,85288,0.0318689165,4.2171555399,0.7268289261,0.0855736463,0.157,0.285,0.421,0.125,0.142,0.384,8.6,4.682287e-4,0.8569018836,0.100763094
75.134574163,TX,89873,0.0365420162,4.1376856207,0.7926153649,0.1410777834,0.177,0.273,0.404,0.114,0.149,0.432,8.7,3.764955e-4,0.8253935967,0.0887561607
78.75898401,UT,93030,0.0263401447,3.7472104479,0.715249819,0.0618485733,0.069,0.171,0.318,0.089,0.123,0.343,5.9,5.602199e-4,0.7063182257,0.1104135622
77.498426451,UT,83493,0.0248473216,3.452046003,0.6641509434,0.0470336718,0.103,0.193,0.32,0.091,0.125,0.379,7.9,2.848144e-4,0.7571279373,0.1015195603
80.248419282,UT,83027,0.0228660027,3.627125037,0.7022456558,0.05142282,0.106,0.199,0.35,0.095,0.131,0.328,9.6,4.147958e-4,0.6361844241,0.1190425857
79.34763935,UT,111081,0.024179611,3.2691261784,0.6813893317,0.0420739482,0.078,0.178,0.302,0.092,0.109,0.336,9.5,4.574105e-4,0.7740115458,0.0805545247
75.725102969,UT,75705,0.0287584756,4.2154381525,0.6262699363,0.1256830601,0.121,0.223,0.33,0.102,0.15,0.32,7.6,4.042446e-4,0.7929699136,0.1081123245
78.33867442,UT,68170,0.0259802742,3.9394740194,0.7666099466,0.0933774834,0.097,0.174,0.333,0.097,0.138,0.327,5.4,3.304747e-4,0.6742801913,0.1004661883
78.550017052,UT,94013,0.0265215129,3.7978506084,0.7795919555,0.0711283543,0.085,0.197,0.328,0.094,0.122,0.35,10.6,7.627984e-4,0.6699672819,0.1198798004
77.123493058,UT,94200,0.0279711332,2.8819841819,0.6801659823,0.0816367265,0.102,0.192,0.39,0.099,0.107,0.392,7.7,1.435282e-4,0.8263774403,0.0604020941
79.401196188,UT,100617,0.0257217699,3.5705040657,0.639477372,0.0559897763,0.059,0.139,0.307,0.086,0.116,0.318,8.5,4.087675e-4,0.681312052,0.1122107234
80.168071056,UT,78094,0.0277750419,3.9461698296,0.7333662609,0.0430871638,0.085,0.16,0.291,0.086,0.13,0.349,5.9,5.386297e-4,0.7259168485,0.1350373322
76.946747773,UT,86678,0.0276784437,3.5422995555,0.7302883788,0.078689168,0.081,0.193,0.344,0.099,0.123,0.337,7.4,4.38094e-4,0.7455415633,0.1024717071
78.699501396,VT,80626,0.0200778033,4.5353998311,0.8964069285,0.0497107587,0.137,0.185,0.269,0.07,0.117,0.3,5.8,0.0011121954,0.7279656803,0.1393245559
80.809171131,VT,96142,0.0156376301,4.4881925869,0.8372807492,0.0297731569,0.124,0.164,0.245,0.066,0.105,0.265,6.8,0.0017469576,0.6355635052,0.1536115985
76.532311803,VT,62634,0.0240365515,4.857776775,0.8542773873,0.0604340568,0.145,0.186,0.307,0.068,0.129,0.315,7.6,7.261805e-4,0.7268154668,0.1489370253
78.977415544,VT,79916,0.0197891088,4.3930799941,0.9653386199,0.1108640407,0.151,0.164,0.268,0.066,0.115,0.264,5.7,9.671664e-4,0.7305880506,0.1176376823
77.588232653,VA,89864,0.0287692681,4.8528324959,0.8085308448,0.0590763161,0.123,0.202,0.354,0.113,0.111,0.369,6.7,7.455214e-4,0.6717731025,0.1287623151
73.816273415,VA,56039,0.0352425626,4.2156937946,0.7784772302,0.0991150442,0.217,0.297,0.44,0.136,0.13,0.381,6.4,3.609457e-4,0.7048664522,0.1115552874
81.45895265,VA,102750,0.026410805,4.3398762197,0.8157861886,0.0196516302,0.114,0.173,0.317,0.093,0.097,0.335,6.9,0.0013916413,0.6595064797,0.129725301
77.956656939,VA,72831,0.0249708758,3.7610667427,0.8353070969,0.0818128311,0.168,0.223,0.378,0.104,0.108,0.37,6.8,5.286026e-4,0.789453074,0.087579244
76.956424951,VA,72742,0.0290264577,4.0087126209,0.7742188944,0.0556144068,0.154,0.211,0.352,0.098,0.107,0.366,7.4,7.487739e-4,0.8421310172,0.0839344262
69.36607957,VA,43446,0.0442092154,4.8004655803,0.8225339292,0.3888268156,0.26,0.321,0.446,0.137,0.217,0.402,6.7,2.523214e-4,0.8213848456,0.1110784602
74.843526516,VA,57701,0.039233439,4.2933028919,0.797434527,0.275,0.21,0.284,0.413,0.139,0.124,0.416,6.9,1.18015e-4,0.7642692181,0.0962613557
76.463670565,VA,69570,0.0328464362,4.057801737,0.8426506782,0.1083778966,0.186,0.246,0.425,0.114,0.112,0.362,7.3,1.441649e-4,0.755298913,0.0771911647
77.793324905,VA,99401,0.0287088036,3.7619913854,0.8285548429,0.078049025,0.117,0.197,0.377,0.109,0.085,0.345,5.6,8.066083e-4,0.773037169,0.1056071781
77.014031672,VA,90465,0.027504011,3.8821397035,0.832356257,0.1190243902,0.172,0.242,0.382,0.116,0.098,0.386,6.9,3.35846e-4,0.7451571244,0.1196097994
71.912071586,VA,48157,0.0435908502,5.1599436322,0.7555483834,0.234962406,0.216,0.277,0.429,0.122,0.212,0.392,6.7,2.175963e-4,0.7460206402,0.1111768185
73.041388168,VA,62679,0.0366261666,5.829340417,0.7593658394,0.6338797814,0.206,0.291,0.39,0.147,0.133,0.423,6.2,3.783221e-4,0.6894904459,0.139656816
79.045083386,VA,111254,0.0252539613,3.7926461204,0.7832718181,0.064783244,0.128,0.172,0.334,0.097,0.087,0.324,7.1,0.00044706359999999997,0.7813142466,0.1101050486
76.073874132,VA,79016,0.0264851115,3.5783828584,0.7675768847,0.2165525825,0.155,0.206,0.366,0.103,0.109,0.326,6.3,4.607233e-4,0.7983588115,0.0871002564
77.167415297,VA,85877,0.0289326297,4.2173303632,0.798172898,0.049838429,0.123,0.199,0.351,0.113,0.093,0.37,7.2,0.0010493054,0.6461847064,0.1287515366
70.858714606,VA,51959,0.0346889952,4.564429749,0.7578991131,0.1426573427,0.228,0.305,0.434,0.14,0.144,0.41,7.4,4.577297e-4,0.7609130371,0.0910398685
80.596432187,VA,128758,0.0273813308,3.5796074843,0.8220531224,0.0451916514,0.116,0.204,0.331,0.115,0.077,0.381,7.6,4.41718e-4,0.7438182771,0.119293136
77.522282596,VA,80929,0.0257097052,4.1043865886,0.8333955196,0.052843708,0.137,0.207,0.342,0.097,0.103,0.324,7.2,0.0012423775,0.7626366904,0.0766876734
78.064471508,VA,79332,0.0251680901,3.7229984842,0.7754044641,0.047496239,0.157,0.225,0.349,0.101,0.108,0.332,6.1,2.488329e-4,0.7517785821,0.0824230707
73.077916773,VA,51459,0.0363215526,4.7781490144,0.7836857111,0.2354910714,0.22,0.287,0.394,0.123,0.193,0.389,6.6,3.522505e-4,0.7579751671,0.0976686865
73.373362401,VA,46015,0.0322649345,5.6953672836,0.7631301042,0.3030674847,0.199,0.25,0.386,0.121,0.177,0.383,6.8,3.268126e-4,0.7832644397,0.1129881258
70.781805225,VA,52646,0.0319835473,4.6793716685,0.8263119146,0.1382636656,0.231,0.299,0.407,0.124,0.175,0.396,6.3,5.088713e-4,0.7086991221,0.0981909971
77.90463708,VA,109834,0.0300495923,3.6867101791,0.7385847831,0.039017341,0.143,0.205,0.383,0.116,0.088,0.411,7.1,4.802472e-4,0.7964670787,0.1091337398
79.323247148,VA,130751,0.0293331963,3.4136136647,0.7540494938,0.0738451529,0.121,0.197,0.37,0.11,0.073,0.376,7.2,2.61069e-4,0.8082792493,0.0822652933
70.531870002,VA,45959,0.0401650442,5.2950030102,0.7860623034,0.15766503,0.193,0.267,0.407,0.121,0.165,0.409,6.5,4.758923e-4,0.7304871168,0.1025181051
74.297646074,VA,57758,0.0294860368,4.6214146955,0.84935041,0.1147161066,0.181,0.244,0.372,0.109,0.145,0.365,6.6,9.135825e-4,0.7582059861,0.0807833537
82.180311001,VA,109902,0.0233804095,4.229006196,0.9234394878,0.0600087604,0.089,0.16,0.295,0.103,0.1,0.339,7.4,8.015203e-4,0.4203639066,0.1528681254
76.871938587,VA,91582,0.029007526,4.0133937866,0.7359687453,0.0431309904,0.153,0.217,0.412,0.124,0.086,0.398,6.8,7.800405e-4,0.7377572785,0.1405538841
74.613686128,VA,67764,0.0372263434,4.2316161616,0.7946596274,0.095191908,0.151,0.227,0.422,0.134,0.113,0.44,6,3.702467e-4,0.5562521649,0.1822682827
74.232712214,VA,63911,0.0340244492,4.2542868948,0.7985698512,0.0992109315,0.161,0.236,0.406,0.131,0.124,0.416,6.7,5.688375e-4,0.4809097865,0.175154018
73.282977119,VA,61098,0.0337212378,4.6071650748,0.8576335952,0.0412157861,0.163,0.234,0.4,0.139,0.133,0.417,6.1,9.91114e-4,0.456916904,0.1951643009
70.464624636,VA,57012,0.0365259561,4.7657316464,0.8572204634,0.1394101877,0.172,0.265,0.452,0.146,0.122,0.434,6.8,6.030253e-4,0.5685014366,0.2125466454
74.436508826,VA,64903,0.0349739999,5.7828284992,0.9125207437,0.052553542,0.172,0.239,0.358,0.141,0.135,0.375,7.2,0.0010591163,0.4345391355,0.2128778322
70.159693009,VA,51782,0.0319292668,5.2999852732,0.9515684391,0.1013931889,0.188,0.268,0.364,0.134,0.139,0.411,7.1,0.0011025135,0.5169817403,0.1718477456
75.38729026,VA,81297,0.0308304432,4.1997804036,0.7640278038,0.064183033,0.138,0.226,0.415,0.122,0.086,0.405,6.7,7.692787e-4,0.703605957,0.1475323524
78.733639117,VA,90275,0.0282678269,3.7434395765,0.8572501765,0.0626987517,0.114,0.179,0.329,0.11,0.099,0.373,6.2,7.123005e-4,0.6492157953,0.1520572146
78.818229166,WA,94553,0.0409561706,4.4918675432,0.7949526418,0.0741533016,0.101,0.171,0.316,0.088,0.115,0.328,10.3,8.32182e-4,0.6388534834,0.1419340971
76.694406098,WA,64789,0.0340641762,4.7437238494,0.7260811781,0.1713709677,0.156,0.192,0.348,0.091,0.146,0.318,10.7,6.697326e-4,0.7359610087,0.1158338741
77.840331499,WA,83040,0.0454344659,4.1866868926,0.7328613808,0.0811491061,0.12,0.208,0.4,0.093,0.124,0.319,16,7.04678e-4,0.6849509753,0.1095749923
79.2911446,WA,74848,0.0426858082,4.3188007748,0.7755915115,0.066070945,0.122,0.177,0.288,0.091,0.13,0.289,10.1,0.0011048891,0.6332846715,0.1096482344
77.272649719,WA,67071,0.0524207238,4.3575054387,0.8557048644,0.0653710247,0.127,0.179,0.345,0.083,0.14,0.312,6.9,9.589689e-4,0.7276085755,0.1262768898
78.574991011,WA,97240,0.0431972132,3.7676871739,0.7842693357,0.0872598949,0.106,0.149,0.326,0.087,0.113,0.306,13.4,7.586957e-4,0.6620869035,0.1299221299
75.09348022,WA,71996,0.0506738656,4.3802523063,0.7142595618,0.1265822785,0.15,0.212,0.39,0.096,0.144,0.365,10.3,5.559341e-4,0.6615218042,0.1392613503
78.880955389,WA,82542,0.056999586,4.0035859181,0.800362387,0.1089939024,0.147,0.255,0.397,0.118,0.134,0.359,15.1,2.035251e-4,0.7007692836,0.107914431
76.85429364,WA,71374,0.0524673619,4.0463203047,0.7841674811,0.0531318168,0.138,0.266,0.42,0.11,0.145,0.331,15.3,3.988155e-4,0.6564546983,0.1200230115
74.643201978,WA,65758,0.0632412434,4.2567060655,0.8840809711,0.1425619835,0.148,0.222,0.365,0.098,0.159,0.402,6.8,3.643888e-4,0.7261023281,0.116069896
80.761204667,WA,88451,0.0433764766,3.6235130757,0.8012337754,0.0928427709,0.109,0.148,0.337,0.079,0.109,0.31,9.2,4.460609e-4,0.7464606378,0.1492790257
81.056605929,WA,120672,0.0339570519,4.9108462455,0.7631551487,0.0531832219,0.072,0.133,0.228,0.073,0.097,0.291,10.2,0.0011912241,0.5608767677,0.149707091
79.536640666,WA,98894,0.0411699548,3.6856044606,0.8007495814,0.0944425208,0.092,0.154,0.314,0.079,0.112,0.324,7.5,6.744096e-4,0.7014935113,0.1278652648
79.804026773,WA,66374,0.0509688835,4.9665055007,0.7853300876,0.1013904983,0.123,0.193,0.31,0.085,0.128,0.309,9.9,5.055056e-4,0.6234885975,0.1989643391
75.597313346000007,WA,67877,0.0539471421,4.3788598175,0.79218087,0.0836094825,0.162,0.202,0.406,0.095,0.142,0.374,9.3,4.620963e-4,0.7416290153,0.1302474062
76.561249931,WA,75138,0.0549415975,4.231609908,0.8143828265,0.0734835355,0.144,0.197,0.377,0.091,0.141,0.341,6.8,2.662131e-4,0.8111772356,0.1311849888
77.386202216,WA,97493,0.0469247841,3.8212202881,0.8188306082,0.0840297336,0.129,0.182,0.358,0.092,0.112,0.372,9.5,7.172888e-4,0.647937169,0.1467915589
78.53004371,WA,90432,0.0461565946,4.140288735,0.7088333904,0.0716757291,0.118,0.179,0.368,0.084,0.129,0.322,8,8.186938e-4,0.7064327031,0.1388533759
79.264669049,WA,106067,0.0347384098,4.0267485555,0.7726921275,0.0714209743,0.107,0.174,0.329,0.094,0.097,0.348,10.7,5.338676e-4,0.683906037,0.1432446161
76.89560571,WA,73380,0.0424412726,4.3562051028,0.8222869857,0.0774395534,0.141,0.204,0.34,0.092,0.131,0.335,10.4,8.698996e-4,0.638904201,0.1392438488
76.877859367,WA,67525,0.0599301683,4.3529898328,0.7929776712,0.0777385159,0.147,0.179,0.322,0.09,0.148,0.321,13.5,6.958209e-4,0.7920244429,0.1041324126
78.308292243,WA,92357,0.0413774693,3.7183111733,0.8519282805,0.0876112252,0.108,0.156,0.336,0.09,0.116,0.353,9,8.725506e-4,0.6775680197,0.1479142198
77.715419906,WA,71348,0.0415056629,4.6999425501,0.8010764397,0.069142985,0.13,0.18,0.327,0.096,0.126,0.304,12.9,0.0010050732,0.6594271056,0.1347682415
79.636309935,WA,75920,0.0432397183,4.2016253761,0.7762391083,0.0432134813,0.112,0.156,0.282,0.088,0.125,0.301,5.6,9.39558e-4,0.6352923353,0.1739211904
74.991676812,WA,67112,0.057804004,4.0071775039,0.8271696849,0.1020827976,0.156,0.291,0.42,0.12,0.151,0.314,14.5,6.171031e-4,0.6242083771,0.125437042
72.148313624,WV,55875,0.039021292,5.0514686769,0.7713712841,0.0840541955,0.223,0.279,0.415,0.144,0.15,0.426,6.7,7.5829e-4,0.7430639492,0.1019648803
73.25304764,WV,78995,0.0340399614,3.7300136799,0.8295380394,0.1097012528,0.165,0.256,0.403,0.122,0.102,0.364,7.5,4.204047e-4,0.7539688968,0.1031992821
69.468349412,WV,55031,0.0366380872,5.9191199915,0.8191325746,0.0630204391,0.221,0.317,0.418,0.134,0.153,0.425,6.8,0.0016806183,0.635060555,0.1544297667
73.079225788,WV,58897,0.0326332132,4.7940145698,0.8336765681,0.0809455587,0.2,0.289,0.404,0.126,0.128,0.401,6.6,0.0012584794,0.7363566487,0.0806669119
75.862407405,WV,92747,0.0268490863,4.3752385201,0.7607362801,0.0573372206,0.151,0.231,0.348,0.115,0.091,0.374,7.4,5.82491e-4,0.7924287924,0.0993297338
70.964359577,WV,56633,0.0360414202,5.0898235372,0.7978406943,0.0751972387,0.208,0.294,0.403,0.126,0.14,0.405,7.1,0.0012981029,0.7016769523,0.1066352335
73.499769399,WV,62449,0.0403402964,4.2293264538,0.7244921591,0.0961737332,0.193,0.275,0.398,0.128,0.137,0.411,7,4.821342e-4,0.7581537122,0.08598668
68.684768823,WV,47084,0.0440428315,4.5316821081,0.6977262848,0.0656471466,0.202,0.297,0.425,0.125,0.161,0.439,6.6,5.0764e-4,0.6973743497,0.1043355657
69.480244834,WV,53456,0.0366963337,5.7497494329,0.835993356,0.1550575409,0.208,0.318,0.396,0.135,0.166,0.441,6.8,7.726613e-4,0.7464730576,0.1559287308
70.355872854,WV,51532,0.0411742035,5.1698872409,0.7846482617,0.0996659243,0.244,0.323,0.456,0.135,0.153,0.46,7.9,4.675568e-4,0.7746623794,0.0824253908
73.358277084,WV,56353,0.0410350593,4.789869154,0.7962107124,0.1100490829,0.21,0.295,0.381,0.121,0.136,0.424,7,8.609968e-4,0.7441886518,0.0810455607
77.817374446,WI,74671,0.0302975961,4.1732663019,0.8103779929,0.0525725447,0.15,0.213,0.381,0.088,0.105,0.339,7.65,7.99368e-4,0.6788577236,0.1121773573
77.645535394,WI,66507,0.0356843341,3.9554993252,0.7750294038,0.037593985,0.182,0.233,0.394,0.093,0.115,0.338,6.7,0.0010060147,0.7677560802,0.0906806283
78.727876589,WI,77645,0.0271261563,3.8597205567,0.8269520603,0.060146831,0.165,0.219,0.366,0.089,0.104,0.315,7.3,6.936433e-4,0.6461795225,0.1005053911
78.831804053,WI,76637,0.0351894139,3.9347883793,0.7420710984,0.0469483568,0.164,0.214,0.4,0.084,0.105,0.337,7.7,7.178644e-4,0.7461512403,0.0932949087
76.817915527,WI,66994,0.0277011494,3.6744585031,0.8021209302,0.1138565891,0.196,0.249,0.431,0.092,0.108,0.329,7.5,2.01462e-4,0.7791522219,0.0869030034
78.544100885,WI,79582,0.0260119157,3.7249839104,0.8260951395,0.0544050544,0.165,0.222,0.387,0.086,0.092,0.329,8.4,3.932431e-4,0.7690148983,0.0935017745
78.666662435,WI,57014,0.0393226177,4.0990286408,0.8183456511,0.1176470588,0.199,0.237,0.391,0.096,0.115,0.373,8.1,7.465008e-4,0.7585896474,0.09110971
80.769546102,WI,84190,0.0226456243,4.3076332361,0.845742504,0.0282236781,0.12,0.177,0.316,0.082,0.092,0.292,8.4,0.0012802531,0.5766310187,0.1317625368
76.727974453,WI,73861,0.0261807087,3.5232809296,0.791556857,0.0466559412,0.195,0.251,0.405,0.097,0.096,0.369,7.6,5.710255e-4,0.712594127,0.0966067864
76.412014051,WI,73372,0.043485801,4.4304452306,0.7398757726,0.0553097345,0.142,0.185,0.404,0.085,0.122,0.339,5.7,2.488519e-4,0.7214334723,0.1031005662
78.748994752,WI,72806,0.0270532513,3.7400327074,0.7655238315,0.0293704328,0.158,0.222,0.358,0.086,0.107,0.373,7.7,0.0014184797,0.6283488592,0.0994167176
78.020845347,WI,63246,0.0290949888,3.8947746571,0.8633347081,0.0505705394,0.188,0.242,0.405,0.098,0.106,0.359,8.2,4.221838e-4,0.6908552202,0.1012651637
76.41603539,WI,61023,0.0389075539,4.1485560538,0.8936952,0.1098790323,0.187,0.239,0.445,0.095,0.121,0.364,7.7,8.995786e-4,0.7744571847,0.1208987616
78.037468907,WI,82356,0.0275588847,3.7327098334,0.8157473368,0.0756635643,0.145,0.197,0.396,0.083,0.094,0.317,9,3.884958e-4,0.7291829923,0.097009612
76.03598122,WI,63587,0.0319047269,3.9595371693,0.7568049309,0.1031746032,0.199,0.235,0.396,0.101,0.128,0.343,7.9,7.46213e-4,0.7771703882,0.1007759364
76.73401789,WI,75699,0.0343950574,4.2394000169,0.8050638279,0.0581932773,0.193,0.238,0.432,0.102,0.109,0.366,7.1,4.919043e-4,0.6763614319,0.1324850979
78.857685737,WI,71260,0.0256471324,4.1787163639,0.7988688049,0.0324257426,0.145,0.182,0.346,0.086,0.103,0.33,7.7,0.0013949665,0.6248540846,0.1287130708
75.864859716,WI,71871,0.0321697467,4.3096972698,0.8346293416,0.1091073039,0.175,0.235,0.403,0.09,0.111,0.343,7,4.905224e-4,0.7840674193,0.0828611316
78.003617118,WI,69652,0.0300230947,3.8004341711,0.7913864287,0.07327036,0.168,0.205,0.435,0.087,0.105,0.364,7.7,4.662291e-4,0.7629948905,0.0819312363
78.402559565,WI,74505,0.0274241883,3.7909895141,0.8036173994,0.0556645045,0.145,0.203,0.359,0.083,0.098,0.312,7.8,9.44438e-4,0.7341620804,0.0879760131
74.340074598,WI,63304,0.0376525338,4.8614321412,0.8653739519,0.0737338378,0.171,0.233,0.394,0.111,0.128,0.364,9.1,7.704252e-4,0.4980413627,0.1683188573
76.905849539,WI,63372,0.0267928834,3.8135964227,0.820318527,0.0923539519,0.17,0.226,0.387,0.092,0.114,0.321,8,6.278007e-4,0.7239455112,0.0955228982
78.480861838,WI,69599,0.0326217896,3.762832618,0.7673688929,0.049132948,0.191,0.239,0.399,0.096,0.099,0.329,7.2,3.04909e-4,0.8452882417,0.075248139
79.0206435,WI,86098,0.0258032233,3.6399002494,0.7428754451,0.0454119363,0.166,0.212,0.395,0.088,0.09,0.327,7.5,9.03182e-4,0.717396652,0.0711726961
79.787843544,WI,95522,0.0348126708,3.8798539167,0.8042664561,0.0363578881,0.171,0.206,0.347,0.086,0.092,0.35,7.4,3.757015e-4,0.7577545195,0.0994700103
75.831468032,WI,74555,0.0355180593,4.0552870786,0.8318081169,0.0892047173,0.185,0.245,0.4,0.102,0.107,0.373,9,4.317e-4,0.7114614014,0.1162886864
78.478652867,WI,60639,0.0301689917,4.1674290942,0.8643002652,0.0968783638,0.187,0.221,0.418,0.094,0.122,0.349,8,7.55287e-4,0.7649950836,0.101968851
76.310749147,WI,73656,0.0338885438,3.778732047,0.8337634117,0.0620930233,0.178,0.24,0.381,0.091,0.108,0.382,9.3,5.11008e-4,0.706445418,0.1032921495
76.329843746,WI,58513,0.0372807018,4.1410386392,0.7543379333,0.1598513011,0.18,0.224,0.368,0.094,0.12,0.331,6.5,4.956454e-4,0.7752037067,0.1153781654
79.764712155,WI,103731,0.0352614038,3.4499425082,0.8119676264,0.0218522373,0.113,0.166,0.336,0.073,0.084,0.313,7.3,5.260721e-4,0.7893490158,0.0901908787
77.67151954,WI,79349,0.0264679211,3.6843303437,0.8444978455,0.1149849145,0.187,0.219,0.396,0.092,0.103,0.353,7.4,0.0010046121,0.731230629,0.0934997206
78.105228936,WI,73970,0.0246294403,3.522067054,0.8097560196,0.0466229392,0.142,0.187,0.405,0.085,0.093,0.326,7.7,6.114805e-4,0.7126815846,0.0789962442
79.234309108,WI,65125,0.037210172,3.5908118665,0.851487363,0.1010486177,0.2,0.244,0.407,0.094,0.101,0.344,6.2,2.509662e-4,0.7916404381,0.0875912409
79.36569794,WI,69119,0.034562212,3.4489881019,0.8059542704,0.0785762257,0.177,0.214,0.391,0.089,0.095,0.354,7.8,2.603828e-4,0.7378695373,0.0840711626
77.767369066,WI,69389,0.0281911755,4.14724501,0.8066839378,0.2013301088,0.185,0.228,0.404,0.091,0.114,0.323,8.1,0.0010350962,0.8107664533,0.0942542474
78.042463953,WI,76573,0.0292480758,4.0919082865,0.7495929819,0.0440975905,0.147,0.194,0.333,0.083,0.099,0.331,9.1,4.307156e-4,0.7057631114,0.1227280428
79.56033856,WI,93830,0.0255070444,3.4972488942,0.8090247331,0.0438043804,0.132,0.189,0.371,0.078,0.077,0.334,8.7,5.831966e-4,0.7810452888,0.0816590591
80.33807272,WI,99168,0.0264533705,3.9437974789,0.7599022634,0.0321640316,0.125,0.175,0.32,0.074,0.077,0.315,8.8,0.0014018143,0.7642724384,0.1049291716
76.464766633,WI,68545,0.0304131448,4.1518130703,0.7521933025,0.0390554042,0.18,0.227,0.367,0.085,0.106,0.343,7.7,5.817336e-4,0.748414754,0.1116758242
77.607972688,WI,70336,0.0347500668,3.9857205847,0.7714375899,0.1036821705,0.217,0.263,0.418,0.098,0.115,0.335,7.7,2.819397e-4,0.8301558115,0.1079136691
77.933126777,WI,70720,0.0265997383,3.8928252722,0.7867313812,0.025989961,0.173,0.21,0.396,0.087,0.105,0.327,8.3,7.866079e-4,0.6578976625,0.0908652824
77.068580189,WI,67068,0.0353815837,4.0418034434,0.7752018181,0.0485175202,0.188,0.251,0.409,0.09,0.115,0.333,7.8,0.0013770757,0.7338613737,0.0909527315
76.372235795,WY,73558,0.0289287553,4.3396309315,0.7036316669,0.063759742,0.159,0.217,0.346,0.08,0.144,0.334,4.75,6.979922e-4,0.7192118433,0.1105504467
70.518910676,WY,64170,0.0338273027,3.9405001341,0.7860977467,0.1299954065,0.186,0.231,0.379,0.098,0.156,0.325,7.3,8.135042e-4,0.7068872384,0.0881026219
76.004391337,WY,75131,0.029679478,4.1994842189,0.7683442605,0.0673056443,0.177,0.236,0.343,0.085,0.133,0.344,4.4,6.345241e-4,0.7080206103,0.1228412928
74.873567706,WY,73110,0.0316398162,4.1000367782,0.7040567469,0.069049951,0.18,0.271,0.378,0.094,0.139,0.352,4.9,7.164855e-4,0.7356767313,0.1053458635
